treatment,question,rep_id,fdom_env_count,fdom_phenotype_score,fdom_max_phenotype_score,fdom_norm_phenotype_score,fdom_gestation_time,fdom_genome_length,-1000_phenotype_score,min_genome_size,fancy_name
Q3__Slip_SCRAM__MinGen_100,Q3,Q3__Slip_SCRAM__MinGen_100__rep_369,512,2560,4608,55.5555555556,250.0,135.0,2560,100,Slip-scramble
Q3__Slip_SCRAM__MinGen_100,Q3,Q3__Slip_SCRAM__MinGen_100__rep_387,512,1792,4608,38.8888888889,272.0,144.0,1792,100,Slip-scramble
Q3__Slip_SCRAM__MinGen_100,Q3,Q3__Slip_SCRAM__MinGen_100__rep_314,512,2048,4608,44.4444444444,377.0,199.0,2560,100,Slip-scramble
Q3__Slip_SCRAM__MinGen_100,Q3,Q3__Slip_SCRAM__MinGen_100__rep_363,512,3584,4608,77.7777777778,243.0,149.0,3584,100,Slip-scramble
Q3__Slip_SCRAM__MinGen_100,Q3,Q3__Slip_SCRAM__MinGen_100__rep_351,512,2560,4608,55.5555555556,506.0,240.0,2560,100,Slip-scramble
Q3__Slip_SCRAM__MinGen_100,Q3,Q3__Slip_SCRAM__MinGen_100__rep_326,512,2048,4608,44.4444444444,372.375,182.0,2048,100,Slip-scramble
Q3__Slip_SCRAM__MinGen_100,Q3,Q3__Slip_SCRAM__MinGen_100__rep_307,512,1792,4608,38.8888888889,271.0,154.0,1792,100,Slip-scramble
Q3__Slip_SCRAM__MinGen_100,Q3,Q3__Slip_SCRAM__MinGen_100__rep_370,512,1536,4608,33.3333333333,206.0,112.0,1536,100,Slip-scramble
Q3__Slip_SCRAM__MinGen_100,Q3,Q3__Slip_SCRAM__MinGen_100__rep_394,512,1024,4608,22.2222222222,282.0,100.0,1024,100,Slip-scramble
Q3__Slip_SCRAM__MinGen_100,Q3,Q3__Slip_SCRAM__MinGen_100__rep_342,512,2560,4608,55.5555555556,318.0,181.0,2560,100,Slip-scramble
Q3__Slip_SCRAM__MinGen_100,Q3,Q3__Slip_SCRAM__MinGen_100__rep_335,512,2304,4608,50.0,688.5,319.0,2560,100,Slip-scramble
Q3__Slip_SCRAM__MinGen_100,Q3,Q3__Slip_SCRAM__MinGen_100__rep_348,512,2304,4608,50.0,590.5,299.0,2816,100,Slip-scramble
Q3__Slip_SCRAM__MinGen_100,Q3,Q3__Slip_SCRAM__MinGen_100__rep_332,512,3584,4608,77.7777777778,713.5,342.0,3584,100,Slip-scramble
Q3__Slip_SCRAM__MinGen_100,Q3,Q3__Slip_SCRAM__MinGen_100__rep_345,512,1536,4608,33.3333333333,400.0,217.0,2048,100,Slip-scramble
Q3__Slip_SCRAM__MinGen_100,Q3,Q3__Slip_SCRAM__MinGen_100__rep_338,512,2048,4608,44.4444444444,448.0,233.0,2048,100,Slip-scramble
Q3__Slip_SCRAM__MinGen_100,Q3,Q3__Slip_SCRAM__MinGen_100__rep_377,512,2048,4608,44.4444444444,264.5,146.0,2048,100,Slip-scramble
Q3__Slip_SCRAM__MinGen_100,Q3,Q3__Slip_SCRAM__MinGen_100__rep_399,512,2560,4608,55.5555555556,235.0,108.0,2560,100,Slip-scramble
Q3__Slip_SCRAM__MinGen_100,Q3,Q3__Slip_SCRAM__MinGen_100__rep_393,512,2560,4608,55.5555555556,384.0,201.0,2560,100,Slip-scramble
Q3__Slip_SCRAM__MinGen_100,Q3,Q3__Slip_SCRAM__MinGen_100__rep_321,512,2560,4608,55.5555555556,408.0,184.0,2560,100,Slip-scramble
Q3__Slip_SCRAM__MinGen_100,Q3,Q3__Slip_SCRAM__MinGen_100__rep_356,512,2048,4608,44.4444444444,206.0,116.0,2048,100,Slip-scramble
Q3__Slip_SCRAM__MinGen_100,Q3,Q3__Slip_SCRAM__MinGen_100__rep_380,512,3072,4608,66.6666666667,398.0,201.0,3072,100,Slip-scramble
Q3__Slip_SCRAM__MinGen_100,Q3,Q3__Slip_SCRAM__MinGen_100__rep_319,512,2048,4608,44.4444444444,325.5,177.0,2048,100,Slip-scramble
Q3__Slip_SCRAM__MinGen_100,Q3,Q3__Slip_SCRAM__MinGen_100__rep_364,512,1536,4608,33.3333333333,202.0,104.0,2048,100,Slip-scramble
Q3__Slip_SCRAM__MinGen_100,Q3,Q3__Slip_SCRAM__MinGen_100__rep_313,512,2560,4608,55.5555555556,242.0,143.0,2560,100,Slip-scramble
Q3__Slip_SCRAM__MinGen_100,Q3,Q3__Slip_SCRAM__MinGen_100__rep_360,512,1792,4608,38.8888888889,379.0,211.0,1792,100,Slip-scramble
Q3__Slip_SCRAM__MinGen_100,Q3,Q3__Slip_SCRAM__MinGen_100__rep_317,512,2560,4608,55.5555555556,489.0,223.0,2560,100,Slip-scramble
Q3__Slip_SCRAM__MinGen_100,Q3,Q3__Slip_SCRAM__MinGen_100__rep_384,512,2560,4608,55.5555555556,399.0,198.0,2560,100,Slip-scramble
Q3__Slip_SCRAM__MinGen_100,Q3,Q3__Slip_SCRAM__MinGen_100__rep_325,512,2560,4608,55.5555555556,445.5,215.0,2560,100,Slip-scramble
Q3__Slip_SCRAM__MinGen_100,Q3,Q3__Slip_SCRAM__MinGen_100__rep_352,512,2560,4608,55.5555555556,474.0,224.0,2560,100,Slip-scramble
Q3__Slip_SCRAM__MinGen_100,Q3,Q3__Slip_SCRAM__MinGen_100__rep_358,512,2304,4608,50.0,701.5,344.0,2304,100,Slip-scramble
Q3__Slip_SCRAM__MinGen_100,Q3,Q3__Slip_SCRAM__MinGen_100__rep_397,512,2560,4608,55.5555555556,325.0,178.0,2560,100,Slip-scramble
Q3__Slip_SCRAM__MinGen_100,Q3,Q3__Slip_SCRAM__MinGen_100__rep_379,512,2816,4608,61.1111111111,383.0,205.0,2816,100,Slip-scramble
Q3__Slip_SCRAM__MinGen_100,Q3,Q3__Slip_SCRAM__MinGen_100__rep_373,512,3072,4608,66.6666666667,588.5,294.0,3072,100,Slip-scramble
Q3__Slip_SCRAM__MinGen_100,Q3,Q3__Slip_SCRAM__MinGen_100__rep_304,512,1536,4608,33.3333333333,374.0,184.0,1536,100,Slip-scramble
Q3__Slip_SCRAM__MinGen_100,Q3,Q3__Slip_SCRAM__MinGen_100__rep_336,512,1536,4608,33.3333333333,482.5,228.0,1536,100,Slip-scramble
Q3__Slip_SCRAM__MinGen_100,Q3,Q3__Slip_SCRAM__MinGen_100__rep_341,512,1792,4608,38.8888888889,532.0,253.0,1792,100,Slip-scramble
Q3__Slip_SCRAM__MinGen_100,Q3,Q3__Slip_SCRAM__MinGen_100__rep_346,512,3584,4608,77.7777777778,679.0,303.0,3584,100,Slip-scramble
Q3__Slip_SCRAM__MinGen_100,Q3,Q3__Slip_SCRAM__MinGen_100__rep_331,512,2048,4608,44.4444444444,175.0,106.0,2048,100,Slip-scramble
Q3__Slip_SCRAM__MinGen_100,Q3,Q3__Slip_SCRAM__MinGen_100__rep_309,512,3200,4608,69.4444444444,692.5,331.0,3584,100,Slip-scramble
Q3__Slip_SCRAM__MinGen_100,Q3,Q3__Slip_SCRAM__MinGen_100__rep_390,512,2560,4608,55.5555555556,362.5,201.0,2560,100,Slip-scramble
Q3__Slip_SCRAM__MinGen_100,Q3,Q3__Slip_SCRAM__MinGen_100__rep_303,512,2048,4608,44.4444444444,564.0,286.0,2048,100,Slip-scramble
Q3__Slip_SCRAM__MinGen_100,Q3,Q3__Slip_SCRAM__MinGen_100__rep_374,512,2560,4608,55.5555555556,307.0,180.0,2560,100,Slip-scramble
Q3__Slip_SCRAM__MinGen_100,Q3,Q3__Slip_SCRAM__MinGen_100__rep_355,512,2560,4608,55.5555555556,210.5,137.0,2560,100,Slip-scramble
Q3__Slip_SCRAM__MinGen_100,Q3,Q3__Slip_SCRAM__MinGen_100__rep_322,512,768,4608,16.6666666667,215.0,121.0,1536,100,Slip-scramble
Q3__Slip_SCRAM__MinGen_100,Q3,Q3__Slip_SCRAM__MinGen_100__rep_328,512,2048,4608,44.4444444444,495.5,278.0,2048,100,Slip-scramble
Q3__Slip_SCRAM__MinGen_100,Q3,Q3__Slip_SCRAM__MinGen_100__rep_389,512,3072,4608,66.6666666667,786.5,378.0,3072,100,Slip-scramble
Q3__Slip_SCRAM__MinGen_100,Q3,Q3__Slip_SCRAM__MinGen_100__rep_310,512,2560,4608,55.5555555556,340.0,196.0,2560,100,Slip-scramble
Q3__Slip_SCRAM__MinGen_100,Q3,Q3__Slip_SCRAM__MinGen_100__rep_367,512,2560,4608,55.5555555556,836.5,374.0,2560,100,Slip-scramble
Q3__Slip_SCRAM__MinGen_100,Q3,Q3__Slip_SCRAM__MinGen_100__rep_383,512,3584,4608,77.7777777778,567.0,299.0,3584,100,Slip-scramble
Q3__Slip_SCRAM__MinGen_100,Q3,Q3__Slip_SCRAM__MinGen_100__rep_357,512,2048,4608,44.4444444444,308.5,156.0,2048,100,Slip-scramble
Q3__Slip_SCRAM__MinGen_100,Q3,Q3__Slip_SCRAM__MinGen_100__rep_320,512,2560,4608,55.5555555556,594.0,318.0,2560,100,Slip-scramble
Q3__Slip_SCRAM__MinGen_100,Q3,Q3__Slip_SCRAM__MinGen_100__rep_312,512,2560,4608,55.5555555556,1080.0,473.0,2560,100,Slip-scramble
Q3__Slip_SCRAM__MinGen_100,Q3,Q3__Slip_SCRAM__MinGen_100__rep_365,512,2560,4608,55.5555555556,252.0,111.0,2560,100,Slip-scramble
Q3__Slip_SCRAM__MinGen_100,Q3,Q3__Slip_SCRAM__MinGen_100__rep_381,512,1536,4608,33.3333333333,183.0,100.0,1536,100,Slip-scramble
Q3__Slip_SCRAM__MinGen_100,Q3,Q3__Slip_SCRAM__MinGen_100__rep_318,512,3584,4608,77.7777777778,486.0,228.0,3584,100,Slip-scramble
Q3__Slip_SCRAM__MinGen_100,Q3,Q3__Slip_SCRAM__MinGen_100__rep_339,512,2048,4608,44.4444444444,406.0,192.0,2048,100,Slip-scramble
Q3__Slip_SCRAM__MinGen_100,Q3,Q3__Slip_SCRAM__MinGen_100__rep_344,512,1536,4608,33.3333333333,485.0,239.0,1536,100,Slip-scramble
Q3__Slip_SCRAM__MinGen_100,Q3,Q3__Slip_SCRAM__MinGen_100__rep_333,512,2048,4608,44.4444444444,504.0,261.0,2048,100,Slip-scramble
Q3__Slip_SCRAM__MinGen_100,Q3,Q3__Slip_SCRAM__MinGen_100__rep_400,512,2560,4608,55.5555555556,387.0,184.0,2560,100,Slip-scramble
Q3__Slip_SCRAM__MinGen_100,Q3,Q3__Slip_SCRAM__MinGen_100__rep_392,512,2560,4608,55.5555555556,374.0,201.0,2560,100,Slip-scramble
Q3__Slip_SCRAM__MinGen_100,Q3,Q3__Slip_SCRAM__MinGen_100__rep_301,512,2048,4608,44.4444444444,483.0,228.0,2560,100,Slip-scramble
Q3__Slip_SCRAM__MinGen_100,Q3,Q3__Slip_SCRAM__MinGen_100__rep_376,512,2560,4608,55.5555555556,833.5,368.0,2816,100,Slip-scramble
Q3__Slip_SCRAM__MinGen_100,Q3,Q3__Slip_SCRAM__MinGen_100__rep_398,512,2304,4608,50.0,558.0,247.0,2560,100,Slip-scramble
Q3__Slip_SCRAM__MinGen_100,Q3,Q3__Slip_SCRAM__MinGen_100__rep_395,512,3072,4608,66.6666666667,525.5,253.0,3072,100,Slip-scramble
Q3__Slip_SCRAM__MinGen_100,Q3,Q3__Slip_SCRAM__MinGen_100__rep_371,512,3072,4608,66.6666666667,672.0,312.0,3072,100,Slip-scramble
Q3__Slip_SCRAM__MinGen_100,Q3,Q3__Slip_SCRAM__MinGen_100__rep_306,512,3072,4608,66.6666666667,441.0,210.0,3072,100,Slip-scramble
Q3__Slip_SCRAM__MinGen_100,Q3,Q3__Slip_SCRAM__MinGen_100__rep_349,512,2048,4608,44.4444444444,419.75,205.0,2048,100,Slip-scramble
Q3__Slip_SCRAM__MinGen_100,Q3,Q3__Slip_SCRAM__MinGen_100__rep_334,512,1536,4608,33.3333333333,185.0,114.0,1536,100,Slip-scramble
Q3__Slip_SCRAM__MinGen_100,Q3,Q3__Slip_SCRAM__MinGen_100__rep_343,512,2048,4608,44.4444444444,434.0,204.0,2048,100,Slip-scramble
Q3__Slip_SCRAM__MinGen_100,Q3,Q3__Slip_SCRAM__MinGen_100__rep_362,512,2048,4608,44.4444444444,577.0,256.0,2048,100,Slip-scramble
Q3__Slip_SCRAM__MinGen_100,Q3,Q3__Slip_SCRAM__MinGen_100__rep_315,512,2816,4608,61.1111111111,263.0,163.0,2816,100,Slip-scramble
Q3__Slip_SCRAM__MinGen_100,Q3,Q3__Slip_SCRAM__MinGen_100__rep_368,512,2560,4608,55.5555555556,1506.25,639.0,3072,100,Slip-scramble
Q3__Slip_SCRAM__MinGen_100,Q3,Q3__Slip_SCRAM__MinGen_100__rep_386,512,1536,4608,33.3333333333,212.0,118.0,1536,100,Slip-scramble
Q3__Slip_SCRAM__MinGen_100,Q3,Q3__Slip_SCRAM__MinGen_100__rep_327,512,2048,4608,44.4444444444,352.0,180.0,2048,100,Slip-scramble
Q3__Slip_SCRAM__MinGen_100,Q3,Q3__Slip_SCRAM__MinGen_100__rep_350,512,1024,4608,22.2222222222,195.0,108.0,1024,100,Slip-scramble
Q3__Slip_SCRAM__MinGen_100,Q3,Q3__Slip_SCRAM__MinGen_100__rep_329,512,2048,4608,44.4444444444,331.0,174.0,2048,100,Slip-scramble
Q3__Slip_SCRAM__MinGen_100,Q3,Q3__Slip_SCRAM__MinGen_100__rep_323,512,3072,4608,66.6666666667,456.0,216.0,3072,100,Slip-scramble
Q3__Slip_SCRAM__MinGen_100,Q3,Q3__Slip_SCRAM__MinGen_100__rep_354,512,3072,4608,66.6666666667,445.5,227.0,3072,100,Slip-scramble
Q3__Slip_SCRAM__MinGen_100,Q3,Q3__Slip_SCRAM__MinGen_100__rep_382,512,3072,4608,66.6666666667,446.5,232.0,3072,100,Slip-scramble
Q3__Slip_SCRAM__MinGen_100,Q3,Q3__Slip_SCRAM__MinGen_100__rep_388,512,2560,4608,55.5555555556,444.5,231.0,2560,100,Slip-scramble
Q3__Slip_SCRAM__MinGen_100,Q3,Q3__Slip_SCRAM__MinGen_100__rep_366,512,2560,4608,55.5555555556,336.0,173.0,2560,100,Slip-scramble
Q3__Slip_SCRAM__MinGen_100,Q3,Q3__Slip_SCRAM__MinGen_100__rep_311,512,2432,4608,52.7777777778,492.75,245.0,2432,100,Slip-scramble
Q3__Slip_SCRAM__MinGen_100,Q3,Q3__Slip_SCRAM__MinGen_100__rep_330,512,3584,4608,77.7777777778,654.5,311.0,3584,100,Slip-scramble
Q3__Slip_SCRAM__MinGen_100,Q3,Q3__Slip_SCRAM__MinGen_100__rep_347,512,3584,4608,77.7777777778,1266.0,506.0,3584,100,Slip-scramble
Q3__Slip_SCRAM__MinGen_100,Q3,Q3__Slip_SCRAM__MinGen_100__rep_375,512,1536,4608,33.3333333333,465.0,219.0,2048,100,Slip-scramble
Q3__Slip_SCRAM__MinGen_100,Q3,Q3__Slip_SCRAM__MinGen_100__rep_302,512,3584,4608,77.7777777778,417.0,214.0,3584,100,Slip-scramble
Q3__Slip_SCRAM__MinGen_100,Q3,Q3__Slip_SCRAM__MinGen_100__rep_308,512,2560,4608,55.5555555556,545.0,254.0,2560,100,Slip-scramble
Q3__Slip_SCRAM__MinGen_100,Q3,Q3__Slip_SCRAM__MinGen_100__rep_391,512,2560,4608,55.5555555556,435.5,219.0,2560,100,Slip-scramble
Q3__Slip_SCRAM__MinGen_100,Q3,Q3__Slip_SCRAM__MinGen_100__rep_305,512,2048,4608,44.4444444444,360.5,175.0,2048,100,Slip-scramble
Q3__Slip_SCRAM__MinGen_100,Q3,Q3__Slip_SCRAM__MinGen_100__rep_372,512,2560,4608,55.5555555556,1409.0,625.0,2560,100,Slip-scramble
Q3__Slip_SCRAM__MinGen_100,Q3,Q3__Slip_SCRAM__MinGen_100__rep_396,512,2048,4608,44.4444444444,275.0,172.0,2048,100,Slip-scramble
Q3__Slip_SCRAM__MinGen_100,Q3,Q3__Slip_SCRAM__MinGen_100__rep_378,512,1536,4608,33.3333333333,285.0,175.0,1536,100,Slip-scramble
Q3__Slip_SCRAM__MinGen_100,Q3,Q3__Slip_SCRAM__MinGen_100__rep_340,512,2560,4608,55.5555555556,388.5,199.0,2560,100,Slip-scramble
Q3__Slip_SCRAM__MinGen_100,Q3,Q3__Slip_SCRAM__MinGen_100__rep_337,512,3072,4608,66.6666666667,489.0,276.0,3072,100,Slip-scramble
Q3__Slip_SCRAM__MinGen_100,Q3,Q3__Slip_SCRAM__MinGen_100__rep_385,512,2560,4608,55.5555555556,334.0,207.0,2560,100,Slip-scramble
Q3__Slip_SCRAM__MinGen_100,Q3,Q3__Slip_SCRAM__MinGen_100__rep_316,512,1536,4608,33.3333333333,442.0,230.0,1536,100,Slip-scramble
Q3__Slip_SCRAM__MinGen_100,Q3,Q3__Slip_SCRAM__MinGen_100__rep_361,512,2560,4608,55.5555555556,520.5,254.0,2560,100,Slip-scramble
Q3__Slip_SCRAM__MinGen_100,Q3,Q3__Slip_SCRAM__MinGen_100__rep_359,512,2048,4608,44.4444444444,342.0,184.0,2048,100,Slip-scramble
Q3__Slip_SCRAM__MinGen_100,Q3,Q3__Slip_SCRAM__MinGen_100__rep_353,512,2560,4608,55.5555555556,997.0,453.0,2560,100,Slip-scramble
Q3__Slip_SCRAM__MinGen_100,Q3,Q3__Slip_SCRAM__MinGen_100__rep_324,512,1536,4608,33.3333333333,307.0,174.0,1536,100,Slip-scramble
Q1__Slip_DUP__MinGen_100,Q1,Q1__Slip_DUP__MinGen_100__rep_395,1,9,9,100.0,1340.0,559.0,9,100,Slip-duplicate
Q1__Slip_DUP__MinGen_100,Q1,Q1__Slip_DUP__MinGen_100__rep_371,1,9,9,100.0,2106.0,763.0,9,100,Slip-duplicate
Q1__Slip_DUP__MinGen_100,Q1,Q1__Slip_DUP__MinGen_100__rep_306,1,9,9,100.0,329.0,179.0,9,100,Slip-duplicate
Q1__Slip_DUP__MinGen_100,Q1,Q1__Slip_DUP__MinGen_100__rep_349,1,9,9,100.0,944.0,396.0,9,100,Slip-duplicate
Q1__Slip_DUP__MinGen_100,Q1,Q1__Slip_DUP__MinGen_100__rep_334,1,9,9,100.0,994.0,439.0,9,100,Slip-duplicate
Q1__Slip_DUP__MinGen_100,Q1,Q1__Slip_DUP__MinGen_100__rep_343,1,9,9,100.0,1247.0,510.0,9,100,Slip-duplicate
Q1__Slip_DUP__MinGen_100,Q1,Q1__Slip_DUP__MinGen_100__rep_362,1,9,9,100.0,940.0,452.0,9,100,Slip-duplicate
Q1__Slip_DUP__MinGen_100,Q1,Q1__Slip_DUP__MinGen_100__rep_315,1,9,9,100.0,1133.0,523.0,9,100,Slip-duplicate
Q1__Slip_DUP__MinGen_100,Q1,Q1__Slip_DUP__MinGen_100__rep_386,1,9,9,100.0,946.0,346.0,9,100,Slip-duplicate
Q1__Slip_DUP__MinGen_100,Q1,Q1__Slip_DUP__MinGen_100__rep_368,1,9,9,100.0,2042.0,737.0,9,100,Slip-duplicate
Q1__Slip_DUP__MinGen_100,Q1,Q1__Slip_DUP__MinGen_100__rep_327,1,9,9,100.0,653.0,292.0,9,100,Slip-duplicate
Q1__Slip_DUP__MinGen_100,Q1,Q1__Slip_DUP__MinGen_100__rep_350,1,9,9,100.0,1178.0,477.0,9,100,Slip-duplicate
Q1__Slip_DUP__MinGen_100,Q1,Q1__Slip_DUP__MinGen_100__rep_357,1,9,9,100.0,2048.0,726.0,9,100,Slip-duplicate
Q1__Slip_DUP__MinGen_100,Q1,Q1__Slip_DUP__MinGen_100__rep_320,1,9,9,100.0,713.0,335.0,9,100,Slip-duplicate
Q1__Slip_DUP__MinGen_100,Q1,Q1__Slip_DUP__MinGen_100__rep_312,1,9,9,100.0,1527.0,556.0,9,100,Slip-duplicate
Q1__Slip_DUP__MinGen_100,Q1,Q1__Slip_DUP__MinGen_100__rep_365,1,9,9,100.0,731.0,325.0,9,100,Slip-duplicate
Q1__Slip_DUP__MinGen_100,Q1,Q1__Slip_DUP__MinGen_100__rep_318,1,9,9,100.0,1691.0,463.0,9,100,Slip-duplicate
Q1__Slip_DUP__MinGen_100,Q1,Q1__Slip_DUP__MinGen_100__rep_381,1,9,9,100.0,343.0,191.0,9,100,Slip-duplicate
Q1__Slip_DUP__MinGen_100,Q1,Q1__Slip_DUP__MinGen_100__rep_339,1,9,9,100.0,808.0,368.0,9,100,Slip-duplicate
Q1__Slip_DUP__MinGen_100,Q1,Q1__Slip_DUP__MinGen_100__rep_344,1,9,9,100.0,1188.0,539.0,9,100,Slip-duplicate
Q1__Slip_DUP__MinGen_100,Q1,Q1__Slip_DUP__MinGen_100__rep_333,1,9,9,100.0,1071.0,492.0,9,100,Slip-duplicate
Q1__Slip_DUP__MinGen_100,Q1,Q1__Slip_DUP__MinGen_100__rep_400,1,9,9,100.0,2011.0,634.0,9,100,Slip-duplicate
Q1__Slip_DUP__MinGen_100,Q1,Q1__Slip_DUP__MinGen_100__rep_392,1,9,9,100.0,1057.0,462.0,9,100,Slip-duplicate
Q1__Slip_DUP__MinGen_100,Q1,Q1__Slip_DUP__MinGen_100__rep_398,1,9,9,100.0,2210.0,789.0,9,100,Slip-duplicate
Q1__Slip_DUP__MinGen_100,Q1,Q1__Slip_DUP__MinGen_100__rep_301,1,9,9,100.0,734.0,276.0,9,100,Slip-duplicate
Q1__Slip_DUP__MinGen_100,Q1,Q1__Slip_DUP__MinGen_100__rep_376,1,9,9,100.0,1023.0,419.0,9,100,Slip-duplicate
Q1__Slip_DUP__MinGen_100,Q1,Q1__Slip_DUP__MinGen_100__rep_305,1,9,9,100.0,847.0,383.0,9,100,Slip-duplicate
Q1__Slip_DUP__MinGen_100,Q1,Q1__Slip_DUP__MinGen_100__rep_372,1,9,9,100.0,1486.0,538.0,9,100,Slip-duplicate
Q1__Slip_DUP__MinGen_100,Q1,Q1__Slip_DUP__MinGen_100__rep_378,1,8,9,88.8888888889,661.0,275.0,8,100,Slip-duplicate
Q1__Slip_DUP__MinGen_100,Q1,Q1__Slip_DUP__MinGen_100__rep_396,1,9,9,100.0,1642.0,687.0,9,100,Slip-duplicate
Q1__Slip_DUP__MinGen_100,Q1,Q1__Slip_DUP__MinGen_100__rep_340,1,9,9,100.0,1924.0,800.0,9,100,Slip-duplicate
Q1__Slip_DUP__MinGen_100,Q1,Q1__Slip_DUP__MinGen_100__rep_337,1,7,9,77.7777777778,1375.0,570.0,7,100,Slip-duplicate
Q1__Slip_DUP__MinGen_100,Q1,Q1__Slip_DUP__MinGen_100__rep_385,1,9,9,100.0,1700.0,1364.0,9,100,Slip-duplicate
Q1__Slip_DUP__MinGen_100,Q1,Q1__Slip_DUP__MinGen_100__rep_316,1,9,9,100.0,1156.0,526.0,9,100,Slip-duplicate
Q1__Slip_DUP__MinGen_100,Q1,Q1__Slip_DUP__MinGen_100__rep_361,1,9,9,100.0,921.0,415.0,9,100,Slip-duplicate
Q1__Slip_DUP__MinGen_100,Q1,Q1__Slip_DUP__MinGen_100__rep_359,1,9,9,100.0,1169.0,541.0,9,100,Slip-duplicate
Q1__Slip_DUP__MinGen_100,Q1,Q1__Slip_DUP__MinGen_100__rep_353,1,9,9,100.0,396.0,189.0,9,100,Slip-duplicate
Q1__Slip_DUP__MinGen_100,Q1,Q1__Slip_DUP__MinGen_100__rep_324,1,9,9,100.0,1615.0,446.0,9,100,Slip-duplicate
Q1__Slip_DUP__MinGen_100,Q1,Q1__Slip_DUP__MinGen_100__rep_329,1,9,9,100.0,1085.0,436.0,9,100,Slip-duplicate
Q1__Slip_DUP__MinGen_100,Q1,Q1__Slip_DUP__MinGen_100__rep_323,1,9,9,100.0,1494.0,612.0,9,100,Slip-duplicate
Q1__Slip_DUP__MinGen_100,Q1,Q1__Slip_DUP__MinGen_100__rep_354,1,9,9,100.0,1625.0,675.0,9,100,Slip-duplicate
Q1__Slip_DUP__MinGen_100,Q1,Q1__Slip_DUP__MinGen_100__rep_382,1,9,9,100.0,955.0,405.0,9,100,Slip-duplicate
Q1__Slip_DUP__MinGen_100,Q1,Q1__Slip_DUP__MinGen_100__rep_366,1,9,9,100.0,638.0,309.0,9,100,Slip-duplicate
Q1__Slip_DUP__MinGen_100,Q1,Q1__Slip_DUP__MinGen_100__rep_311,1,9,9,100.0,390.0,203.0,9,100,Slip-duplicate
Q1__Slip_DUP__MinGen_100,Q1,Q1__Slip_DUP__MinGen_100__rep_388,1,9,9,100.0,1132.0,465.0,9,100,Slip-duplicate
Q1__Slip_DUP__MinGen_100,Q1,Q1__Slip_DUP__MinGen_100__rep_330,1,9,9,100.0,2094.0,765.0,9,100,Slip-duplicate
Q1__Slip_DUP__MinGen_100,Q1,Q1__Slip_DUP__MinGen_100__rep_347,1,9,9,100.0,912.0,414.0,9,100,Slip-duplicate
Q1__Slip_DUP__MinGen_100,Q1,Q1__Slip_DUP__MinGen_100__rep_375,1,9,9,100.0,2339.0,861.0,9,100,Slip-duplicate
Q1__Slip_DUP__MinGen_100,Q1,Q1__Slip_DUP__MinGen_100__rep_302,1,9,9,100.0,972.0,426.0,9,100,Slip-duplicate
Q1__Slip_DUP__MinGen_100,Q1,Q1__Slip_DUP__MinGen_100__rep_391,1,9,9,100.0,817.0,362.0,9,100,Slip-duplicate
Q1__Slip_DUP__MinGen_100,Q1,Q1__Slip_DUP__MinGen_100__rep_308,1,9,9,100.0,1133.0,452.0,9,100,Slip-duplicate
Q1__Slip_DUP__MinGen_100,Q1,Q1__Slip_DUP__MinGen_100__rep_332,1,9,9,100.0,330.0,184.0,9,100,Slip-duplicate
Q1__Slip_DUP__MinGen_100,Q1,Q1__Slip_DUP__MinGen_100__rep_345,1,9,9,100.0,2522.0,927.0,9,100,Slip-duplicate
Q1__Slip_DUP__MinGen_100,Q1,Q1__Slip_DUP__MinGen_100__rep_338,1,9,9,100.0,786.0,364.0,9,100,Slip-duplicate
Q1__Slip_DUP__MinGen_100,Q1,Q1__Slip_DUP__MinGen_100__rep_399,1,7,9,77.7777777778,460.0,239.0,7,100,Slip-duplicate
Q1__Slip_DUP__MinGen_100,Q1,Q1__Slip_DUP__MinGen_100__rep_377,1,9,9,100.0,1319.0,485.0,9,100,Slip-duplicate
Q1__Slip_DUP__MinGen_100,Q1,Q1__Slip_DUP__MinGen_100__rep_393,1,9,9,100.0,2139.0,775.0,9,100,Slip-duplicate
Q1__Slip_DUP__MinGen_100,Q1,Q1__Slip_DUP__MinGen_100__rep_321,1,9,9,100.0,577.0,263.0,9,100,Slip-duplicate
Q1__Slip_DUP__MinGen_100,Q1,Q1__Slip_DUP__MinGen_100__rep_356,1,9,9,100.0,1181.0,490.0,9,100,Slip-duplicate
Q1__Slip_DUP__MinGen_100,Q1,Q1__Slip_DUP__MinGen_100__rep_319,1,7,9,77.7777777778,967.0,427.0,7,100,Slip-duplicate
Q1__Slip_DUP__MinGen_100,Q1,Q1__Slip_DUP__MinGen_100__rep_380,1,9,9,100.0,1406.0,584.0,9,100,Slip-duplicate
Q1__Slip_DUP__MinGen_100,Q1,Q1__Slip_DUP__MinGen_100__rep_364,1,9,9,100.0,1300.0,481.0,9,100,Slip-duplicate
Q1__Slip_DUP__MinGen_100,Q1,Q1__Slip_DUP__MinGen_100__rep_313,1,9,9,100.0,766.0,347.0,9,100,Slip-duplicate
Q1__Slip_DUP__MinGen_100,Q1,Q1__Slip_DUP__MinGen_100__rep_387,1,9,9,100.0,1196.0,514.0,9,100,Slip-duplicate
Q1__Slip_DUP__MinGen_100,Q1,Q1__Slip_DUP__MinGen_100__rep_369,1,9,9,100.0,1599.0,441.0,9,100,Slip-duplicate
Q1__Slip_DUP__MinGen_100,Q1,Q1__Slip_DUP__MinGen_100__rep_314,1,9,9,100.0,410.0,222.0,9,100,Slip-duplicate
Q1__Slip_DUP__MinGen_100,Q1,Q1__Slip_DUP__MinGen_100__rep_363,1,9,9,100.0,792.0,367.0,9,100,Slip-duplicate
Q1__Slip_DUP__MinGen_100,Q1,Q1__Slip_DUP__MinGen_100__rep_351,1,9,9,100.0,1053.0,445.0,9,100,Slip-duplicate
Q1__Slip_DUP__MinGen_100,Q1,Q1__Slip_DUP__MinGen_100__rep_326,1,9,9,100.0,735.0,330.0,9,100,Slip-duplicate
Q1__Slip_DUP__MinGen_100,Q1,Q1__Slip_DUP__MinGen_100__rep_307,1,9,9,100.0,733.0,319.0,9,100,Slip-duplicate
Q1__Slip_DUP__MinGen_100,Q1,Q1__Slip_DUP__MinGen_100__rep_370,1,9,9,100.0,295.0,166.0,9,100,Slip-duplicate
Q1__Slip_DUP__MinGen_100,Q1,Q1__Slip_DUP__MinGen_100__rep_394,1,9,9,100.0,549.0,264.0,9,100,Slip-duplicate
Q1__Slip_DUP__MinGen_100,Q1,Q1__Slip_DUP__MinGen_100__rep_342,1,9,9,100.0,1014.0,414.0,9,100,Slip-duplicate
Q1__Slip_DUP__MinGen_100,Q1,Q1__Slip_DUP__MinGen_100__rep_335,1,9,9,100.0,337.0,185.0,9,100,Slip-duplicate
Q1__Slip_DUP__MinGen_100,Q1,Q1__Slip_DUP__MinGen_100__rep_348,1,9,9,100.0,788.0,353.0,9,100,Slip-duplicate
Q1__Slip_DUP__MinGen_100,Q1,Q1__Slip_DUP__MinGen_100__rep_346,1,9,9,100.0,1074.0,483.0,9,100,Slip-duplicate
Q1__Slip_DUP__MinGen_100,Q1,Q1__Slip_DUP__MinGen_100__rep_331,1,9,9,100.0,1678.0,460.0,9,100,Slip-duplicate
Q1__Slip_DUP__MinGen_100,Q1,Q1__Slip_DUP__MinGen_100__rep_390,1,9,9,100.0,1067.0,477.0,9,100,Slip-duplicate
Q1__Slip_DUP__MinGen_100,Q1,Q1__Slip_DUP__MinGen_100__rep_309,1,7,9,77.7777777778,940.0,407.0,7,100,Slip-duplicate
Q1__Slip_DUP__MinGen_100,Q1,Q1__Slip_DUP__MinGen_100__rep_303,1,9,9,100.0,1235.0,520.0,9,100,Slip-duplicate
Q1__Slip_DUP__MinGen_100,Q1,Q1__Slip_DUP__MinGen_100__rep_374,1,9,9,100.0,2188.0,603.0,9,100,Slip-duplicate
Q1__Slip_DUP__MinGen_100,Q1,Q1__Slip_DUP__MinGen_100__rep_355,1,9,9,100.0,1906.0,760.0,9,100,Slip-duplicate
Q1__Slip_DUP__MinGen_100,Q1,Q1__Slip_DUP__MinGen_100__rep_322,1,9,9,100.0,886.0,395.0,9,100,Slip-duplicate
Q1__Slip_DUP__MinGen_100,Q1,Q1__Slip_DUP__MinGen_100__rep_328,1,9,9,100.0,372.0,194.0,9,100,Slip-duplicate
Q1__Slip_DUP__MinGen_100,Q1,Q1__Slip_DUP__MinGen_100__rep_310,1,9,9,100.0,1001.0,408.0,9,100,Slip-duplicate
Q1__Slip_DUP__MinGen_100,Q1,Q1__Slip_DUP__MinGen_100__rep_367,1,9,9,100.0,2273.0,715.0,9,100,Slip-duplicate
Q1__Slip_DUP__MinGen_100,Q1,Q1__Slip_DUP__MinGen_100__rep_389,1,9,9,100.0,343.0,177.0,9,100,Slip-duplicate
Q1__Slip_DUP__MinGen_100,Q1,Q1__Slip_DUP__MinGen_100__rep_383,1,9,9,100.0,1586.0,425.0,9,100,Slip-duplicate
Q1__Slip_DUP__MinGen_100,Q1,Q1__Slip_DUP__MinGen_100__rep_360,1,9,9,100.0,829.0,342.0,9,100,Slip-duplicate
Q1__Slip_DUP__MinGen_100,Q1,Q1__Slip_DUP__MinGen_100__rep_317,1,9,9,100.0,506.0,238.0,9,100,Slip-duplicate
Q1__Slip_DUP__MinGen_100,Q1,Q1__Slip_DUP__MinGen_100__rep_384,1,9,9,100.0,800.0,360.0,9,100,Slip-duplicate
Q1__Slip_DUP__MinGen_100,Q1,Q1__Slip_DUP__MinGen_100__rep_325,1,9,9,100.0,1759.0,478.0,9,100,Slip-duplicate
Q1__Slip_DUP__MinGen_100,Q1,Q1__Slip_DUP__MinGen_100__rep_352,1,9,9,100.0,719.0,318.0,9,100,Slip-duplicate
Q1__Slip_DUP__MinGen_100,Q1,Q1__Slip_DUP__MinGen_100__rep_358,1,9,9,100.0,348.0,181.0,9,100,Slip-duplicate
Q1__Slip_DUP__MinGen_100,Q1,Q1__Slip_DUP__MinGen_100__rep_379,1,9,9,100.0,2249.0,801.0,9,100,Slip-duplicate
Q1__Slip_DUP__MinGen_100,Q1,Q1__Slip_DUP__MinGen_100__rep_397,1,9,9,100.0,744.0,337.0,9,100,Slip-duplicate
Q1__Slip_DUP__MinGen_100,Q1,Q1__Slip_DUP__MinGen_100__rep_373,1,7,9,77.7777777778,256.0,163.0,7,100,Slip-duplicate
Q1__Slip_DUP__MinGen_100,Q1,Q1__Slip_DUP__MinGen_100__rep_304,1,9,9,100.0,1825.0,668.0,9,100,Slip-duplicate
Q1__Slip_DUP__MinGen_100,Q1,Q1__Slip_DUP__MinGen_100__rep_336,1,9,9,100.0,808.0,365.0,9,100,Slip-duplicate
Q1__Slip_DUP__MinGen_100,Q1,Q1__Slip_DUP__MinGen_100__rep_341,1,9,9,100.0,1568.0,685.0,9,100,Slip-duplicate
Q2__Slip_DUP__MinGen_100,Q2,Q2__Slip_DUP__MinGen_100__rep_387,16,64,64,100.0,826.0,341.0,64,100,Slip-duplicate
Q2__Slip_DUP__MinGen_100,Q2,Q2__Slip_DUP__MinGen_100__rep_369,16,64,64,100.0,251.0,164.0,64,100,Slip-duplicate
Q2__Slip_DUP__MinGen_100,Q2,Q2__Slip_DUP__MinGen_100__rep_314,16,64,64,100.0,589.0,292.0,64,100,Slip-duplicate
Q2__Slip_DUP__MinGen_100,Q2,Q2__Slip_DUP__MinGen_100__rep_363,16,64,64,100.0,325.5,180.0,64,100,Slip-duplicate
Q2__Slip_DUP__MinGen_100,Q2,Q2__Slip_DUP__MinGen_100__rep_351,16,64,64,100.0,246.5,159.0,64,100,Slip-duplicate
Q2__Slip_DUP__MinGen_100,Q2,Q2__Slip_DUP__MinGen_100__rep_326,16,64,64,100.0,244.0,143.0,64,100,Slip-duplicate
Q2__Slip_DUP__MinGen_100,Q2,Q2__Slip_DUP__MinGen_100__rep_307,16,64,64,100.0,1297.0,564.0,64,100,Slip-duplicate
Q2__Slip_DUP__MinGen_100,Q2,Q2__Slip_DUP__MinGen_100__rep_370,16,64,64,100.0,401.0,195.0,64,100,Slip-duplicate
Q2__Slip_DUP__MinGen_100,Q2,Q2__Slip_DUP__MinGen_100__rep_394,16,64,64,100.0,497.0,235.0,64,100,Slip-duplicate
Q2__Slip_DUP__MinGen_100,Q2,Q2__Slip_DUP__MinGen_100__rep_342,16,64,64,100.0,185.0,129.0,64,100,Slip-duplicate
Q2__Slip_DUP__MinGen_100,Q2,Q2__Slip_DUP__MinGen_100__rep_335,16,64,64,100.0,361.0,195.0,64,100,Slip-duplicate
Q2__Slip_DUP__MinGen_100,Q2,Q2__Slip_DUP__MinGen_100__rep_348,16,64,64,100.0,760.5,342.0,64,100,Slip-duplicate
Q2__Slip_DUP__MinGen_100,Q2,Q2__Slip_DUP__MinGen_100__rep_332,16,64,64,100.0,242.0,142.0,64,100,Slip-duplicate
Q2__Slip_DUP__MinGen_100,Q2,Q2__Slip_DUP__MinGen_100__rep_345,16,64,64,100.0,1578.0,770.0,64,100,Slip-duplicate
Q2__Slip_DUP__MinGen_100,Q2,Q2__Slip_DUP__MinGen_100__rep_338,16,64,64,100.0,508.0,234.0,64,100,Slip-duplicate
Q2__Slip_DUP__MinGen_100,Q2,Q2__Slip_DUP__MinGen_100__rep_399,16,48,64,75.0,810.5,374.0,48,100,Slip-duplicate
Q2__Slip_DUP__MinGen_100,Q2,Q2__Slip_DUP__MinGen_100__rep_377,16,32,64,50.0,208.0,129.0,48,100,Slip-duplicate
Q2__Slip_DUP__MinGen_100,Q2,Q2__Slip_DUP__MinGen_100__rep_393,16,64,64,100.0,321.0,176.0,64,100,Slip-duplicate
Q2__Slip_DUP__MinGen_100,Q2,Q2__Slip_DUP__MinGen_100__rep_321,16,64,64,100.0,466.0,248.0,64,100,Slip-duplicate
Q2__Slip_DUP__MinGen_100,Q2,Q2__Slip_DUP__MinGen_100__rep_356,16,48,64,75.0,195.0,100.0,48,100,Slip-duplicate
Q2__Slip_DUP__MinGen_100,Q2,Q2__Slip_DUP__MinGen_100__rep_319,16,48,64,75.0,478.0,238.0,48,100,Slip-duplicate
Q2__Slip_DUP__MinGen_100,Q2,Q2__Slip_DUP__MinGen_100__rep_380,16,64,64,100.0,277.0,138.0,64,100,Slip-duplicate
Q2__Slip_DUP__MinGen_100,Q2,Q2__Slip_DUP__MinGen_100__rep_364,16,0,64,0.0,1375.0,584.0,32,100,Slip-duplicate
Q2__Slip_DUP__MinGen_100,Q2,Q2__Slip_DUP__MinGen_100__rep_313,16,64,64,100.0,1439.5,596.0,64,100,Slip-duplicate
Q2__Slip_DUP__MinGen_100,Q2,Q2__Slip_DUP__MinGen_100__rep_360,16,64,64,100.0,419.5,215.0,64,100,Slip-duplicate
Q2__Slip_DUP__MinGen_100,Q2,Q2__Slip_DUP__MinGen_100__rep_317,16,48,64,75.0,158.0,100.0,48,100,Slip-duplicate
Q2__Slip_DUP__MinGen_100,Q2,Q2__Slip_DUP__MinGen_100__rep_384,16,64,64,100.0,325.5,170.0,64,100,Slip-duplicate
Q2__Slip_DUP__MinGen_100,Q2,Q2__Slip_DUP__MinGen_100__rep_325,16,56,64,87.5,371.5,214.0,56,100,Slip-duplicate
Q2__Slip_DUP__MinGen_100,Q2,Q2__Slip_DUP__MinGen_100__rep_352,16,64,64,100.0,1124.5,496.0,64,100,Slip-duplicate
Q2__Slip_DUP__MinGen_100,Q2,Q2__Slip_DUP__MinGen_100__rep_358,16,64,64,100.0,835.5,383.0,64,100,Slip-duplicate
Q2__Slip_DUP__MinGen_100,Q2,Q2__Slip_DUP__MinGen_100__rep_379,16,64,64,100.0,269.0,154.0,64,100,Slip-duplicate
Q2__Slip_DUP__MinGen_100,Q2,Q2__Slip_DUP__MinGen_100__rep_397,16,64,64,100.0,861.5,405.0,64,100,Slip-duplicate
Q2__Slip_DUP__MinGen_100,Q2,Q2__Slip_DUP__MinGen_100__rep_373,16,48,64,75.0,393.25,201.0,64,100,Slip-duplicate
Q2__Slip_DUP__MinGen_100,Q2,Q2__Slip_DUP__MinGen_100__rep_304,16,56,64,87.5,359.0,217.0,56,100,Slip-duplicate
Q2__Slip_DUP__MinGen_100,Q2,Q2__Slip_DUP__MinGen_100__rep_336,16,32,64,50.0,229.0,132.0,32,100,Slip-duplicate
Q2__Slip_DUP__MinGen_100,Q2,Q2__Slip_DUP__MinGen_100__rep_341,16,64,64,100.0,766.5,343.0,64,100,Slip-duplicate
Q2__Slip_DUP__MinGen_100,Q2,Q2__Slip_DUP__MinGen_100__rep_346,16,64,64,100.0,341.5,221.0,64,100,Slip-duplicate
Q2__Slip_DUP__MinGen_100,Q2,Q2__Slip_DUP__MinGen_100__rep_331,16,48,64,75.0,524.5,237.0,48,100,Slip-duplicate
Q2__Slip_DUP__MinGen_100,Q2,Q2__Slip_DUP__MinGen_100__rep_390,16,64,64,100.0,261.0,146.0,64,100,Slip-duplicate
Q2__Slip_DUP__MinGen_100,Q2,Q2__Slip_DUP__MinGen_100__rep_309,16,64,64,100.0,583.0,293.0,64,100,Slip-duplicate
Q2__Slip_DUP__MinGen_100,Q2,Q2__Slip_DUP__MinGen_100__rep_303,16,48,64,75.0,597.0,265.0,64,100,Slip-duplicate
Q2__Slip_DUP__MinGen_100,Q2,Q2__Slip_DUP__MinGen_100__rep_374,16,56,64,87.5,501.25,255.0,56,100,Slip-duplicate
Q2__Slip_DUP__MinGen_100,Q2,Q2__Slip_DUP__MinGen_100__rep_355,16,56,64,87.5,295.25,159.0,56,100,Slip-duplicate
Q2__Slip_DUP__MinGen_100,Q2,Q2__Slip_DUP__MinGen_100__rep_322,16,64,64,100.0,724.0,337.0,64,100,Slip-duplicate
Q2__Slip_DUP__MinGen_100,Q2,Q2__Slip_DUP__MinGen_100__rep_328,16,64,64,100.0,921.0,416.0,64,100,Slip-duplicate
Q2__Slip_DUP__MinGen_100,Q2,Q2__Slip_DUP__MinGen_100__rep_310,16,64,64,100.0,556.0,246.0,64,100,Slip-duplicate
Q2__Slip_DUP__MinGen_100,Q2,Q2__Slip_DUP__MinGen_100__rep_367,16,64,64,100.0,746.0,327.0,64,100,Slip-duplicate
Q2__Slip_DUP__MinGen_100,Q2,Q2__Slip_DUP__MinGen_100__rep_389,16,64,64,100.0,551.5,280.0,64,100,Slip-duplicate
Q2__Slip_DUP__MinGen_100,Q2,Q2__Slip_DUP__MinGen_100__rep_383,16,64,64,100.0,441.0,215.0,64,100,Slip-duplicate
Q2__Slip_DUP__MinGen_100,Q2,Q2__Slip_DUP__MinGen_100__rep_357,16,64,64,100.0,269.0,147.0,64,100,Slip-duplicate
Q2__Slip_DUP__MinGen_100,Q2,Q2__Slip_DUP__MinGen_100__rep_320,16,64,64,100.0,526.0,260.0,64,100,Slip-duplicate
Q2__Slip_DUP__MinGen_100,Q2,Q2__Slip_DUP__MinGen_100__rep_312,16,48,64,75.0,174.0,100.0,48,100,Slip-duplicate
Q2__Slip_DUP__MinGen_100,Q2,Q2__Slip_DUP__MinGen_100__rep_365,16,32,64,50.0,200.0,105.0,64,100,Slip-duplicate
Q2__Slip_DUP__MinGen_100,Q2,Q2__Slip_DUP__MinGen_100__rep_318,16,64,64,100.0,369.5,171.0,64,100,Slip-duplicate
Q2__Slip_DUP__MinGen_100,Q2,Q2__Slip_DUP__MinGen_100__rep_381,16,64,64,100.0,338.0,179.0,64,100,Slip-duplicate
Q2__Slip_DUP__MinGen_100,Q2,Q2__Slip_DUP__MinGen_100__rep_339,16,64,64,100.0,427.0,211.0,64,100,Slip-duplicate
Q2__Slip_DUP__MinGen_100,Q2,Q2__Slip_DUP__MinGen_100__rep_344,16,64,64,100.0,295.0,161.0,64,100,Slip-duplicate
Q2__Slip_DUP__MinGen_100,Q2,Q2__Slip_DUP__MinGen_100__rep_333,16,48,64,75.0,251.25,163.0,64,100,Slip-duplicate
Q2__Slip_DUP__MinGen_100,Q2,Q2__Slip_DUP__MinGen_100__rep_400,16,48,64,75.0,290.0,143.0,48,100,Slip-duplicate
Q2__Slip_DUP__MinGen_100,Q2,Q2__Slip_DUP__MinGen_100__rep_392,16,40,64,62.5,451.5,213.0,40,100,Slip-duplicate
Q2__Slip_DUP__MinGen_100,Q2,Q2__Slip_DUP__MinGen_100__rep_398,16,48,64,75.0,1599.0,722.0,48,100,Slip-duplicate
Q2__Slip_DUP__MinGen_100,Q2,Q2__Slip_DUP__MinGen_100__rep_301,16,48,64,75.0,250.5,147.0,48,100,Slip-duplicate
Q2__Slip_DUP__MinGen_100,Q2,Q2__Slip_DUP__MinGen_100__rep_376,16,48,64,75.0,363.0,216.0,64,100,Slip-duplicate
Q2__Slip_DUP__MinGen_100,Q2,Q2__Slip_DUP__MinGen_100__rep_395,16,64,64,100.0,546.0,260.0,64,100,Slip-duplicate
Q2__Slip_DUP__MinGen_100,Q2,Q2__Slip_DUP__MinGen_100__rep_371,16,56,64,87.5,415.0,210.0,56,100,Slip-duplicate
Q2__Slip_DUP__MinGen_100,Q2,Q2__Slip_DUP__MinGen_100__rep_306,16,32,64,50.0,191.0,110.0,48,100,Slip-duplicate
Q2__Slip_DUP__MinGen_100,Q2,Q2__Slip_DUP__MinGen_100__rep_349,16,48,64,75.0,199.0,126.0,48,100,Slip-duplicate
Q2__Slip_DUP__MinGen_100,Q2,Q2__Slip_DUP__MinGen_100__rep_334,16,48,64,75.0,272.0,154.0,64,100,Slip-duplicate
Q2__Slip_DUP__MinGen_100,Q2,Q2__Slip_DUP__MinGen_100__rep_343,16,64,64,100.0,829.5,390.0,64,100,Slip-duplicate
Q2__Slip_DUP__MinGen_100,Q2,Q2__Slip_DUP__MinGen_100__rep_362,16,32,64,50.0,668.0,283.0,48,100,Slip-duplicate
Q2__Slip_DUP__MinGen_100,Q2,Q2__Slip_DUP__MinGen_100__rep_315,16,48,64,75.0,390.25,191.0,48,100,Slip-duplicate
Q2__Slip_DUP__MinGen_100,Q2,Q2__Slip_DUP__MinGen_100__rep_386,16,64,64,100.0,265.0,167.0,64,100,Slip-duplicate
Q2__Slip_DUP__MinGen_100,Q2,Q2__Slip_DUP__MinGen_100__rep_368,16,64,64,100.0,415.0,196.0,64,100,Slip-duplicate
Q2__Slip_DUP__MinGen_100,Q2,Q2__Slip_DUP__MinGen_100__rep_327,16,48,64,75.0,489.0,230.0,48,100,Slip-duplicate
Q2__Slip_DUP__MinGen_100,Q2,Q2__Slip_DUP__MinGen_100__rep_350,16,64,64,100.0,833.0,352.0,64,100,Slip-duplicate
Q2__Slip_DUP__MinGen_100,Q2,Q2__Slip_DUP__MinGen_100__rep_329,16,64,64,100.0,458.0,223.0,64,100,Slip-duplicate
Q2__Slip_DUP__MinGen_100,Q2,Q2__Slip_DUP__MinGen_100__rep_323,16,64,64,100.0,1713.0,751.0,64,100,Slip-duplicate
Q2__Slip_DUP__MinGen_100,Q2,Q2__Slip_DUP__MinGen_100__rep_354,16,64,64,100.0,693.0,332.0,64,100,Slip-duplicate
Q2__Slip_DUP__MinGen_100,Q2,Q2__Slip_DUP__MinGen_100__rep_382,16,64,64,100.0,398.0,222.0,64,100,Slip-duplicate
Q2__Slip_DUP__MinGen_100,Q2,Q2__Slip_DUP__MinGen_100__rep_366,16,64,64,100.0,366.5,165.0,64,100,Slip-duplicate
Q2__Slip_DUP__MinGen_100,Q2,Q2__Slip_DUP__MinGen_100__rep_311,16,64,64,100.0,675.5,295.0,64,100,Slip-duplicate
Q2__Slip_DUP__MinGen_100,Q2,Q2__Slip_DUP__MinGen_100__rep_388,16,64,64,100.0,465.0,242.0,64,100,Slip-duplicate
Q2__Slip_DUP__MinGen_100,Q2,Q2__Slip_DUP__MinGen_100__rep_330,16,64,64,100.0,233.0,165.0,64,100,Slip-duplicate
Q2__Slip_DUP__MinGen_100,Q2,Q2__Slip_DUP__MinGen_100__rep_347,16,48,64,75.0,570.5,268.0,48,100,Slip-duplicate
Q2__Slip_DUP__MinGen_100,Q2,Q2__Slip_DUP__MinGen_100__rep_375,16,64,64,100.0,601.0,303.0,64,100,Slip-duplicate
Q2__Slip_DUP__MinGen_100,Q2,Q2__Slip_DUP__MinGen_100__rep_302,16,64,64,100.0,422.5,223.0,64,100,Slip-duplicate
Q2__Slip_DUP__MinGen_100,Q2,Q2__Slip_DUP__MinGen_100__rep_391,16,64,64,100.0,557.0,271.0,64,100,Slip-duplicate
Q2__Slip_DUP__MinGen_100,Q2,Q2__Slip_DUP__MinGen_100__rep_308,16,64,64,100.0,1977.0,914.0,64,100,Slip-duplicate
Q2__Slip_DUP__MinGen_100,Q2,Q2__Slip_DUP__MinGen_100__rep_305,16,64,64,100.0,349.5,203.0,64,100,Slip-duplicate
Q2__Slip_DUP__MinGen_100,Q2,Q2__Slip_DUP__MinGen_100__rep_372,16,64,64,100.0,501.75,229.0,64,100,Slip-duplicate
Q2__Slip_DUP__MinGen_100,Q2,Q2__Slip_DUP__MinGen_100__rep_378,16,64,64,100.0,262.5,163.0,64,100,Slip-duplicate
Q2__Slip_DUP__MinGen_100,Q2,Q2__Slip_DUP__MinGen_100__rep_396,16,48,64,75.0,748.0,347.0,48,100,Slip-duplicate
Q2__Slip_DUP__MinGen_100,Q2,Q2__Slip_DUP__MinGen_100__rep_340,16,64,64,100.0,895.5,429.0,56,100,Slip-duplicate
Q2__Slip_DUP__MinGen_100,Q2,Q2__Slip_DUP__MinGen_100__rep_337,16,64,64,100.0,276.0,160.0,64,100,Slip-duplicate
Q2__Slip_DUP__MinGen_100,Q2,Q2__Slip_DUP__MinGen_100__rep_385,16,64,64,100.0,652.0,301.0,64,100,Slip-duplicate
Q2__Slip_DUP__MinGen_100,Q2,Q2__Slip_DUP__MinGen_100__rep_316,16,64,64,100.0,607.75,277.0,64,100,Slip-duplicate
Q2__Slip_DUP__MinGen_100,Q2,Q2__Slip_DUP__MinGen_100__rep_361,16,64,64,100.0,271.0,168.0,64,100,Slip-duplicate
Q2__Slip_DUP__MinGen_100,Q2,Q2__Slip_DUP__MinGen_100__rep_359,16,64,64,100.0,1845.0,834.0,64,100,Slip-duplicate
Q2__Slip_DUP__MinGen_100,Q2,Q2__Slip_DUP__MinGen_100__rep_353,16,64,64,100.0,326.0,178.0,64,100,Slip-duplicate
Q2__Slip_DUP__MinGen_100,Q2,Q2__Slip_DUP__MinGen_100__rep_324,16,16,64,25.0,177.0,107.0,16,100,Slip-duplicate
Q2__Slip_SCRAM__MinGen_100,Q2,Q2__Slip_SCRAM__MinGen_100__rep_309,16,16,64,25.0,225.0,136.0,16,100,Slip-scramble
Q2__Slip_SCRAM__MinGen_100,Q2,Q2__Slip_SCRAM__MinGen_100__rep_390,16,48,64,75.0,249.0,153.0,48,100,Slip-scramble
Q2__Slip_SCRAM__MinGen_100,Q2,Q2__Slip_SCRAM__MinGen_100__rep_374,16,64,64,100.0,423.0,213.0,64,100,Slip-scramble
Q2__Slip_SCRAM__MinGen_100,Q2,Q2__Slip_SCRAM__MinGen_100__rep_303,16,32,64,50.0,184.5,100.0,32,100,Slip-scramble
Q2__Slip_SCRAM__MinGen_100,Q2,Q2__Slip_SCRAM__MinGen_100__rep_331,16,64,64,100.0,150.0,100.0,64,100,Slip-scramble
Q2__Slip_SCRAM__MinGen_100,Q2,Q2__Slip_SCRAM__MinGen_100__rep_346,16,64,64,100.0,160.0,100.0,64,100,Slip-scramble
Q2__Slip_SCRAM__MinGen_100,Q2,Q2__Slip_SCRAM__MinGen_100__rep_389,16,48,64,75.0,397.0,201.0,48,100,Slip-scramble
Q2__Slip_SCRAM__MinGen_100,Q2,Q2__Slip_SCRAM__MinGen_100__rep_367,16,56,64,87.5,233.0,139.0,56,100,Slip-scramble
Q2__Slip_SCRAM__MinGen_100,Q2,Q2__Slip_SCRAM__MinGen_100__rep_310,16,64,64,100.0,245.0,145.0,64,100,Slip-scramble
Q2__Slip_SCRAM__MinGen_100,Q2,Q2__Slip_SCRAM__MinGen_100__rep_383,16,32,64,50.0,277.0,122.0,32,100,Slip-scramble
Q2__Slip_SCRAM__MinGen_100,Q2,Q2__Slip_SCRAM__MinGen_100__rep_322,16,64,64,100.0,239.5,147.0,64,100,Slip-scramble
Q2__Slip_SCRAM__MinGen_100,Q2,Q2__Slip_SCRAM__MinGen_100__rep_355,16,56,64,87.5,165.5,100.0,56,100,Slip-scramble
Q2__Slip_SCRAM__MinGen_100,Q2,Q2__Slip_SCRAM__MinGen_100__rep_328,16,48,64,75.0,161.0,100.0,48,100,Slip-scramble
Q2__Slip_SCRAM__MinGen_100,Q2,Q2__Slip_SCRAM__MinGen_100__rep_352,16,64,64,100.0,199.0,127.0,64,100,Slip-scramble
Q2__Slip_SCRAM__MinGen_100,Q2,Q2__Slip_SCRAM__MinGen_100__rep_325,16,56,64,87.5,273.75,167.0,56,100,Slip-scramble
Q2__Slip_SCRAM__MinGen_100,Q2,Q2__Slip_SCRAM__MinGen_100__rep_358,16,48,64,75.0,199.0,101.0,48,100,Slip-scramble
Q2__Slip_SCRAM__MinGen_100,Q2,Q2__Slip_SCRAM__MinGen_100__rep_317,16,64,64,100.0,267.0,155.0,64,100,Slip-scramble
Q2__Slip_SCRAM__MinGen_100,Q2,Q2__Slip_SCRAM__MinGen_100__rep_360,16,64,64,100.0,291.5,140.0,64,100,Slip-scramble
Q2__Slip_SCRAM__MinGen_100,Q2,Q2__Slip_SCRAM__MinGen_100__rep_384,16,32,64,50.0,197.0,107.0,32,100,Slip-scramble
Q2__Slip_SCRAM__MinGen_100,Q2,Q2__Slip_SCRAM__MinGen_100__rep_341,16,48,64,75.0,648.5,320.0,48,100,Slip-scramble
Q2__Slip_SCRAM__MinGen_100,Q2,Q2__Slip_SCRAM__MinGen_100__rep_336,16,32,64,50.0,289.0,178.0,32,100,Slip-scramble
Q2__Slip_SCRAM__MinGen_100,Q2,Q2__Slip_SCRAM__MinGen_100__rep_397,16,64,64,100.0,215.0,110.0,64,100,Slip-scramble
Q2__Slip_SCRAM__MinGen_100,Q2,Q2__Slip_SCRAM__MinGen_100__rep_379,16,64,64,100.0,190.0,100.0,64,100,Slip-scramble
Q2__Slip_SCRAM__MinGen_100,Q2,Q2__Slip_SCRAM__MinGen_100__rep_304,16,48,64,75.0,250.0,149.0,48,100,Slip-scramble
Q2__Slip_SCRAM__MinGen_100,Q2,Q2__Slip_SCRAM__MinGen_100__rep_373,16,32,64,50.0,156.5,100.0,48,100,Slip-scramble
Q2__Slip_SCRAM__MinGen_100,Q2,Q2__Slip_SCRAM__MinGen_100__rep_377,16,64,64,100.0,278.0,168.0,64,100,Slip-scramble
Q2__Slip_SCRAM__MinGen_100,Q2,Q2__Slip_SCRAM__MinGen_100__rep_399,16,32,64,50.0,209.5,100.0,32,100,Slip-scramble
Q2__Slip_SCRAM__MinGen_100,Q2,Q2__Slip_SCRAM__MinGen_100__rep_393,16,48,64,75.0,174.0,100.0,48,100,Slip-scramble
Q2__Slip_SCRAM__MinGen_100,Q2,Q2__Slip_SCRAM__MinGen_100__rep_345,16,64,64,100.0,266.0,153.0,64,100,Slip-scramble
Q2__Slip_SCRAM__MinGen_100,Q2,Q2__Slip_SCRAM__MinGen_100__rep_332,16,56,64,87.5,146.0,100.0,56,100,Slip-scramble
Q2__Slip_SCRAM__MinGen_100,Q2,Q2__Slip_SCRAM__MinGen_100__rep_338,16,64,64,100.0,324.5,189.0,64,100,Slip-scramble
Q2__Slip_SCRAM__MinGen_100,Q2,Q2__Slip_SCRAM__MinGen_100__rep_380,16,48,64,75.0,184.0,104.0,48,100,Slip-scramble
Q2__Slip_SCRAM__MinGen_100,Q2,Q2__Slip_SCRAM__MinGen_100__rep_319,16,56,64,87.5,185.0,121.0,56,100,Slip-scramble
Q2__Slip_SCRAM__MinGen_100,Q2,Q2__Slip_SCRAM__MinGen_100__rep_313,16,64,64,100.0,485.5,230.0,64,100,Slip-scramble
Q2__Slip_SCRAM__MinGen_100,Q2,Q2__Slip_SCRAM__MinGen_100__rep_364,16,64,64,100.0,173.0,108.0,64,100,Slip-scramble
Q2__Slip_SCRAM__MinGen_100,Q2,Q2__Slip_SCRAM__MinGen_100__rep_356,16,64,64,100.0,252.0,141.0,64,100,Slip-scramble
Q2__Slip_SCRAM__MinGen_100,Q2,Q2__Slip_SCRAM__MinGen_100__rep_321,16,48,64,75.0,174.5,114.0,48,100,Slip-scramble
Q2__Slip_SCRAM__MinGen_100,Q2,Q2__Slip_SCRAM__MinGen_100__rep_326,16,64,64,100.0,259.0,150.0,64,100,Slip-scramble
Q2__Slip_SCRAM__MinGen_100,Q2,Q2__Slip_SCRAM__MinGen_100__rep_351,16,48,64,75.0,302.0,145.0,48,100,Slip-scramble
Q2__Slip_SCRAM__MinGen_100,Q2,Q2__Slip_SCRAM__MinGen_100__rep_369,16,48,64,75.0,265.0,170.0,48,100,Slip-scramble
Q2__Slip_SCRAM__MinGen_100,Q2,Q2__Slip_SCRAM__MinGen_100__rep_387,16,48,64,75.0,196.5,100.0,48,100,Slip-scramble
Q2__Slip_SCRAM__MinGen_100,Q2,Q2__Slip_SCRAM__MinGen_100__rep_363,16,64,64,100.0,257.0,152.0,64,100,Slip-scramble
Q2__Slip_SCRAM__MinGen_100,Q2,Q2__Slip_SCRAM__MinGen_100__rep_314,16,64,64,100.0,237.0,146.0,64,100,Slip-scramble
Q2__Slip_SCRAM__MinGen_100,Q2,Q2__Slip_SCRAM__MinGen_100__rep_335,16,64,64,100.0,241.5,146.0,64,100,Slip-scramble
Q2__Slip_SCRAM__MinGen_100,Q2,Q2__Slip_SCRAM__MinGen_100__rep_342,16,48,64,75.0,245.0,157.0,48,100,Slip-scramble
Q2__Slip_SCRAM__MinGen_100,Q2,Q2__Slip_SCRAM__MinGen_100__rep_348,16,64,64,100.0,462.0,215.0,64,100,Slip-scramble
Q2__Slip_SCRAM__MinGen_100,Q2,Q2__Slip_SCRAM__MinGen_100__rep_370,16,32,64,50.0,158.0,100.0,32,100,Slip-scramble
Q2__Slip_SCRAM__MinGen_100,Q2,Q2__Slip_SCRAM__MinGen_100__rep_307,16,64,64,100.0,200.0,123.0,64,100,Slip-scramble
Q2__Slip_SCRAM__MinGen_100,Q2,Q2__Slip_SCRAM__MinGen_100__rep_394,16,64,64,100.0,289.0,183.0,64,100,Slip-scramble
Q2__Slip_SCRAM__MinGen_100,Q2,Q2__Slip_SCRAM__MinGen_100__rep_337,16,64,64,100.0,306.0,200.0,64,100,Slip-scramble
Q2__Slip_SCRAM__MinGen_100,Q2,Q2__Slip_SCRAM__MinGen_100__rep_340,16,48,64,75.0,235.0,145.0,48,100,Slip-scramble
Q2__Slip_SCRAM__MinGen_100,Q2,Q2__Slip_SCRAM__MinGen_100__rep_372,16,16,64,25.0,177.0,102.0,16,100,Slip-scramble
Q2__Slip_SCRAM__MinGen_100,Q2,Q2__Slip_SCRAM__MinGen_100__rep_305,16,48,64,75.0,307.0,152.0,48,100,Slip-scramble
Q2__Slip_SCRAM__MinGen_100,Q2,Q2__Slip_SCRAM__MinGen_100__rep_396,16,64,64,100.0,221.0,142.0,64,100,Slip-scramble
Q2__Slip_SCRAM__MinGen_100,Q2,Q2__Slip_SCRAM__MinGen_100__rep_378,16,64,64,100.0,256.0,157.0,64,100,Slip-scramble
Q2__Slip_SCRAM__MinGen_100,Q2,Q2__Slip_SCRAM__MinGen_100__rep_359,16,64,64,100.0,202.0,124.0,64,100,Slip-scramble
Q2__Slip_SCRAM__MinGen_100,Q2,Q2__Slip_SCRAM__MinGen_100__rep_324,16,64,64,100.0,208.5,100.0,64,100,Slip-scramble
Q2__Slip_SCRAM__MinGen_100,Q2,Q2__Slip_SCRAM__MinGen_100__rep_353,16,64,64,100.0,285.0,135.0,64,100,Slip-scramble
Q2__Slip_SCRAM__MinGen_100,Q2,Q2__Slip_SCRAM__MinGen_100__rep_385,16,48,64,75.0,299.0,142.0,48,100,Slip-scramble
Q2__Slip_SCRAM__MinGen_100,Q2,Q2__Slip_SCRAM__MinGen_100__rep_361,16,48,64,75.0,213.0,126.0,48,100,Slip-scramble
Q2__Slip_SCRAM__MinGen_100,Q2,Q2__Slip_SCRAM__MinGen_100__rep_316,16,48,64,75.0,384.5,209.0,48,100,Slip-scramble
Q2__Slip_SCRAM__MinGen_100,Q2,Q2__Slip_SCRAM__MinGen_100__rep_382,16,48,64,75.0,318.0,153.0,48,100,Slip-scramble
Q2__Slip_SCRAM__MinGen_100,Q2,Q2__Slip_SCRAM__MinGen_100__rep_388,16,64,64,100.0,260.0,151.0,64,100,Slip-scramble
Q2__Slip_SCRAM__MinGen_100,Q2,Q2__Slip_SCRAM__MinGen_100__rep_311,16,64,64,100.0,271.0,152.0,64,100,Slip-scramble
Q2__Slip_SCRAM__MinGen_100,Q2,Q2__Slip_SCRAM__MinGen_100__rep_366,16,64,64,100.0,210.0,116.0,64,100,Slip-scramble
Q2__Slip_SCRAM__MinGen_100,Q2,Q2__Slip_SCRAM__MinGen_100__rep_329,16,48,64,75.0,310.0,157.0,48,100,Slip-scramble
Q2__Slip_SCRAM__MinGen_100,Q2,Q2__Slip_SCRAM__MinGen_100__rep_354,16,32,64,50.0,211.0,116.0,32,100,Slip-scramble
Q2__Slip_SCRAM__MinGen_100,Q2,Q2__Slip_SCRAM__MinGen_100__rep_323,16,64,64,100.0,197.5,113.0,64,100,Slip-scramble
Q2__Slip_SCRAM__MinGen_100,Q2,Q2__Slip_SCRAM__MinGen_100__rep_302,16,48,64,75.0,174.0,103.0,48,100,Slip-scramble
Q2__Slip_SCRAM__MinGen_100,Q2,Q2__Slip_SCRAM__MinGen_100__rep_375,16,48,64,75.0,183.0,100.0,48,100,Slip-scramble
Q2__Slip_SCRAM__MinGen_100,Q2,Q2__Slip_SCRAM__MinGen_100__rep_308,16,64,64,100.0,213.0,116.0,64,100,Slip-scramble
Q2__Slip_SCRAM__MinGen_100,Q2,Q2__Slip_SCRAM__MinGen_100__rep_391,16,64,64,100.0,315.5,201.0,64,100,Slip-scramble
Q2__Slip_SCRAM__MinGen_100,Q2,Q2__Slip_SCRAM__MinGen_100__rep_347,16,48,64,75.0,246.5,139.0,64,100,Slip-scramble
Q2__Slip_SCRAM__MinGen_100,Q2,Q2__Slip_SCRAM__MinGen_100__rep_330,16,64,64,100.0,379.5,187.0,64,100,Slip-scramble
Q2__Slip_SCRAM__MinGen_100,Q2,Q2__Slip_SCRAM__MinGen_100__rep_349,16,64,64,100.0,321.5,203.0,64,100,Slip-scramble
Q2__Slip_SCRAM__MinGen_100,Q2,Q2__Slip_SCRAM__MinGen_100__rep_343,16,40,64,62.5,571.5,273.0,56,100,Slip-scramble
Q2__Slip_SCRAM__MinGen_100,Q2,Q2__Slip_SCRAM__MinGen_100__rep_334,16,64,64,100.0,338.0,218.0,64,100,Slip-scramble
Q2__Slip_SCRAM__MinGen_100,Q2,Q2__Slip_SCRAM__MinGen_100__rep_395,16,56,64,87.5,269.5,157.0,64,100,Slip-scramble
Q2__Slip_SCRAM__MinGen_100,Q2,Q2__Slip_SCRAM__MinGen_100__rep_306,16,40,64,62.5,278.0,150.0,40,100,Slip-scramble
Q2__Slip_SCRAM__MinGen_100,Q2,Q2__Slip_SCRAM__MinGen_100__rep_371,16,48,64,75.0,279.0,166.0,48,100,Slip-scramble
Q2__Slip_SCRAM__MinGen_100,Q2,Q2__Slip_SCRAM__MinGen_100__rep_350,16,64,64,100.0,373.5,210.0,64,100,Slip-scramble
Q2__Slip_SCRAM__MinGen_100,Q2,Q2__Slip_SCRAM__MinGen_100__rep_327,16,64,64,100.0,251.0,154.0,64,100,Slip-scramble
Q2__Slip_SCRAM__MinGen_100,Q2,Q2__Slip_SCRAM__MinGen_100__rep_315,16,48,64,75.0,178.5,101.0,48,100,Slip-scramble
Q2__Slip_SCRAM__MinGen_100,Q2,Q2__Slip_SCRAM__MinGen_100__rep_362,16,48,64,75.0,339.0,222.0,48,100,Slip-scramble
Q2__Slip_SCRAM__MinGen_100,Q2,Q2__Slip_SCRAM__MinGen_100__rep_368,16,64,64,100.0,764.5,352.0,64,100,Slip-scramble
Q2__Slip_SCRAM__MinGen_100,Q2,Q2__Slip_SCRAM__MinGen_100__rep_386,16,64,64,100.0,236.0,154.0,64,100,Slip-scramble
Q2__Slip_SCRAM__MinGen_100,Q2,Q2__Slip_SCRAM__MinGen_100__rep_365,16,64,64,100.0,257.5,136.0,64,100,Slip-scramble
Q2__Slip_SCRAM__MinGen_100,Q2,Q2__Slip_SCRAM__MinGen_100__rep_312,16,64,64,100.0,267.0,164.0,64,100,Slip-scramble
Q2__Slip_SCRAM__MinGen_100,Q2,Q2__Slip_SCRAM__MinGen_100__rep_381,16,64,64,100.0,280.0,146.0,64,100,Slip-scramble
Q2__Slip_SCRAM__MinGen_100,Q2,Q2__Slip_SCRAM__MinGen_100__rep_318,16,64,64,100.0,378.0,183.0,64,100,Slip-scramble
Q2__Slip_SCRAM__MinGen_100,Q2,Q2__Slip_SCRAM__MinGen_100__rep_320,16,32,64,50.0,227.0,100.0,32,100,Slip-scramble
Q2__Slip_SCRAM__MinGen_100,Q2,Q2__Slip_SCRAM__MinGen_100__rep_357,16,48,64,75.0,212.0,120.0,48,100,Slip-scramble
Q2__Slip_SCRAM__MinGen_100,Q2,Q2__Slip_SCRAM__MinGen_100__rep_392,16,64,64,100.0,359.0,179.0,64,100,Slip-scramble
Q2__Slip_SCRAM__MinGen_100,Q2,Q2__Slip_SCRAM__MinGen_100__rep_376,16,48,64,75.0,207.0,119.0,48,100,Slip-scramble
Q2__Slip_SCRAM__MinGen_100,Q2,Q2__Slip_SCRAM__MinGen_100__rep_301,16,64,64,100.0,353.0,190.0,64,100,Slip-scramble
Q2__Slip_SCRAM__MinGen_100,Q2,Q2__Slip_SCRAM__MinGen_100__rep_398,16,56,64,87.5,340.0,171.0,56,100,Slip-scramble
Q2__Slip_SCRAM__MinGen_100,Q2,Q2__Slip_SCRAM__MinGen_100__rep_339,16,64,64,100.0,535.0,252.0,64,100,Slip-scramble
Q2__Slip_SCRAM__MinGen_100,Q2,Q2__Slip_SCRAM__MinGen_100__rep_333,16,48,64,75.0,266.0,157.0,48,100,Slip-scramble
Q2__Slip_SCRAM__MinGen_100,Q2,Q2__Slip_SCRAM__MinGen_100__rep_344,16,48,64,75.0,186.5,118.0,48,100,Slip-scramble
Q2__Slip_SCRAM__MinGen_100,Q2,Q2__Slip_SCRAM__MinGen_100__rep_400,16,32,64,50.0,162.0,104.0,32,100,Slip-scramble
Q1__Slip_SCRAM__MinGen_100,Q1,Q1__Slip_SCRAM__MinGen_100__rep_347,1,9,9,100.0,570.0,292.0,9,100,Slip-scramble
Q1__Slip_SCRAM__MinGen_100,Q1,Q1__Slip_SCRAM__MinGen_100__rep_330,1,7,9,77.7777777778,140.0,100.0,7,100,Slip-scramble
Q1__Slip_SCRAM__MinGen_100,Q1,Q1__Slip_SCRAM__MinGen_100__rep_302,1,7,9,77.7777777778,259.0,145.0,7,100,Slip-scramble
Q1__Slip_SCRAM__MinGen_100,Q1,Q1__Slip_SCRAM__MinGen_100__rep_375,1,8,9,88.8888888889,724.0,356.0,8,100,Slip-scramble
Q1__Slip_SCRAM__MinGen_100,Q1,Q1__Slip_SCRAM__MinGen_100__rep_391,1,9,9,100.0,1151.0,422.0,9,100,Slip-scramble
Q1__Slip_SCRAM__MinGen_100,Q1,Q1__Slip_SCRAM__MinGen_100__rep_308,1,9,9,100.0,743.0,335.0,9,100,Slip-scramble
Q1__Slip_SCRAM__MinGen_100,Q1,Q1__Slip_SCRAM__MinGen_100__rep_329,1,9,9,100.0,591.0,288.0,9,100,Slip-scramble
Q1__Slip_SCRAM__MinGen_100,Q1,Q1__Slip_SCRAM__MinGen_100__rep_354,1,9,9,100.0,842.0,398.0,9,100,Slip-scramble
Q1__Slip_SCRAM__MinGen_100,Q1,Q1__Slip_SCRAM__MinGen_100__rep_323,1,9,9,100.0,848.0,390.0,9,100,Slip-scramble
Q1__Slip_SCRAM__MinGen_100,Q1,Q1__Slip_SCRAM__MinGen_100__rep_382,1,9,9,100.0,520.0,234.0,9,100,Slip-scramble
Q1__Slip_SCRAM__MinGen_100,Q1,Q1__Slip_SCRAM__MinGen_100__rep_311,1,9,9,100.0,589.0,282.0,9,100,Slip-scramble
Q1__Slip_SCRAM__MinGen_100,Q1,Q1__Slip_SCRAM__MinGen_100__rep_366,1,9,9,100.0,468.0,239.0,9,100,Slip-scramble
Q1__Slip_SCRAM__MinGen_100,Q1,Q1__Slip_SCRAM__MinGen_100__rep_388,1,9,9,100.0,691.0,325.0,9,100,Slip-scramble
Q1__Slip_SCRAM__MinGen_100,Q1,Q1__Slip_SCRAM__MinGen_100__rep_385,1,9,9,100.0,659.0,289.0,9,100,Slip-scramble
Q1__Slip_SCRAM__MinGen_100,Q1,Q1__Slip_SCRAM__MinGen_100__rep_361,1,9,9,100.0,503.0,229.0,9,100,Slip-scramble
Q1__Slip_SCRAM__MinGen_100,Q1,Q1__Slip_SCRAM__MinGen_100__rep_316,1,9,9,100.0,422.0,209.0,9,100,Slip-scramble
Q1__Slip_SCRAM__MinGen_100,Q1,Q1__Slip_SCRAM__MinGen_100__rep_359,1,8,9,88.8888888889,921.0,378.0,8,100,Slip-scramble
Q1__Slip_SCRAM__MinGen_100,Q1,Q1__Slip_SCRAM__MinGen_100__rep_324,1,9,9,100.0,629.0,305.0,9,100,Slip-scramble
Q1__Slip_SCRAM__MinGen_100,Q1,Q1__Slip_SCRAM__MinGen_100__rep_353,1,9,9,100.0,646.0,287.0,9,100,Slip-scramble
Q1__Slip_SCRAM__MinGen_100,Q1,Q1__Slip_SCRAM__MinGen_100__rep_372,1,9,9,100.0,711.0,329.0,9,100,Slip-scramble
Q1__Slip_SCRAM__MinGen_100,Q1,Q1__Slip_SCRAM__MinGen_100__rep_305,1,9,9,100.0,395.0,196.0,9,100,Slip-scramble
Q1__Slip_SCRAM__MinGen_100,Q1,Q1__Slip_SCRAM__MinGen_100__rep_378,1,9,9,100.0,594.0,295.0,9,100,Slip-scramble
Q1__Slip_SCRAM__MinGen_100,Q1,Q1__Slip_SCRAM__MinGen_100__rep_396,1,9,9,100.0,479.0,256.0,9,100,Slip-scramble
Q1__Slip_SCRAM__MinGen_100,Q1,Q1__Slip_SCRAM__MinGen_100__rep_337,1,9,9,100.0,688.0,290.0,9,100,Slip-scramble
Q1__Slip_SCRAM__MinGen_100,Q1,Q1__Slip_SCRAM__MinGen_100__rep_340,1,7,9,77.7777777778,334.0,178.0,7,100,Slip-scramble
Q1__Slip_SCRAM__MinGen_100,Q1,Q1__Slip_SCRAM__MinGen_100__rep_339,1,8,9,88.8888888889,290.0,165.0,8,100,Slip-scramble
Q1__Slip_SCRAM__MinGen_100,Q1,Q1__Slip_SCRAM__MinGen_100__rep_333,1,9,9,100.0,677.0,306.0,9,100,Slip-scramble
Q1__Slip_SCRAM__MinGen_100,Q1,Q1__Slip_SCRAM__MinGen_100__rep_344,1,7,9,77.7777777778,663.0,277.0,7,100,Slip-scramble
Q1__Slip_SCRAM__MinGen_100,Q1,Q1__Slip_SCRAM__MinGen_100__rep_400,1,9,9,100.0,709.0,361.0,9,100,Slip-scramble
Q1__Slip_SCRAM__MinGen_100,Q1,Q1__Slip_SCRAM__MinGen_100__rep_392,1,9,9,100.0,436.0,256.0,9,100,Slip-scramble
Q1__Slip_SCRAM__MinGen_100,Q1,Q1__Slip_SCRAM__MinGen_100__rep_398,1,9,9,100.0,748.0,340.0,9,100,Slip-scramble
Q1__Slip_SCRAM__MinGen_100,Q1,Q1__Slip_SCRAM__MinGen_100__rep_376,1,9,9,100.0,832.0,399.0,9,100,Slip-scramble
Q1__Slip_SCRAM__MinGen_100,Q1,Q1__Slip_SCRAM__MinGen_100__rep_301,1,9,9,100.0,425.0,197.0,9,100,Slip-scramble
Q1__Slip_SCRAM__MinGen_100,Q1,Q1__Slip_SCRAM__MinGen_100__rep_320,1,9,9,100.0,530.0,279.0,9,100,Slip-scramble
Q1__Slip_SCRAM__MinGen_100,Q1,Q1__Slip_SCRAM__MinGen_100__rep_357,1,9,9,100.0,404.0,193.0,9,100,Slip-scramble
Q1__Slip_SCRAM__MinGen_100,Q1,Q1__Slip_SCRAM__MinGen_100__rep_365,1,7,9,77.7777777778,657.0,296.0,7,100,Slip-scramble
Q1__Slip_SCRAM__MinGen_100,Q1,Q1__Slip_SCRAM__MinGen_100__rep_312,1,7,9,77.7777777778,262.0,149.0,7,100,Slip-scramble
Q1__Slip_SCRAM__MinGen_100,Q1,Q1__Slip_SCRAM__MinGen_100__rep_318,1,9,9,100.0,812.0,385.0,9,100,Slip-scramble
Q1__Slip_SCRAM__MinGen_100,Q1,Q1__Slip_SCRAM__MinGen_100__rep_381,1,9,9,100.0,570.0,256.0,9,100,Slip-scramble
Q1__Slip_SCRAM__MinGen_100,Q1,Q1__Slip_SCRAM__MinGen_100__rep_315,1,9,9,100.0,1346.0,568.0,9,100,Slip-scramble
Q1__Slip_SCRAM__MinGen_100,Q1,Q1__Slip_SCRAM__MinGen_100__rep_362,1,7,9,77.7777777778,265.0,168.0,7,100,Slip-scramble
Q1__Slip_SCRAM__MinGen_100,Q1,Q1__Slip_SCRAM__MinGen_100__rep_386,1,9,9,100.0,1836.0,669.0,9,100,Slip-scramble
Q1__Slip_SCRAM__MinGen_100,Q1,Q1__Slip_SCRAM__MinGen_100__rep_368,1,9,9,100.0,1024.0,475.0,9,100,Slip-scramble
Q1__Slip_SCRAM__MinGen_100,Q1,Q1__Slip_SCRAM__MinGen_100__rep_350,1,9,9,100.0,467.0,221.0,9,100,Slip-scramble
Q1__Slip_SCRAM__MinGen_100,Q1,Q1__Slip_SCRAM__MinGen_100__rep_327,1,7,9,77.7777777778,411.0,215.0,7,100,Slip-scramble
Q1__Slip_SCRAM__MinGen_100,Q1,Q1__Slip_SCRAM__MinGen_100__rep_395,1,9,9,100.0,1347.0,552.0,9,100,Slip-scramble
Q1__Slip_SCRAM__MinGen_100,Q1,Q1__Slip_SCRAM__MinGen_100__rep_306,1,9,9,100.0,371.0,193.0,9,100,Slip-scramble
Q1__Slip_SCRAM__MinGen_100,Q1,Q1__Slip_SCRAM__MinGen_100__rep_371,1,9,9,100.0,817.0,399.0,9,100,Slip-scramble
Q1__Slip_SCRAM__MinGen_100,Q1,Q1__Slip_SCRAM__MinGen_100__rep_349,1,9,9,100.0,298.0,172.0,9,100,Slip-scramble
Q1__Slip_SCRAM__MinGen_100,Q1,Q1__Slip_SCRAM__MinGen_100__rep_343,1,9,9,100.0,902.0,427.0,9,100,Slip-scramble
Q1__Slip_SCRAM__MinGen_100,Q1,Q1__Slip_SCRAM__MinGen_100__rep_334,1,9,9,100.0,527.0,259.0,9,100,Slip-scramble
Q1__Slip_SCRAM__MinGen_100,Q1,Q1__Slip_SCRAM__MinGen_100__rep_379,1,9,9,100.0,855.0,398.0,9,100,Slip-scramble
Q1__Slip_SCRAM__MinGen_100,Q1,Q1__Slip_SCRAM__MinGen_100__rep_397,1,9,9,100.0,1169.0,439.0,9,100,Slip-scramble
Q1__Slip_SCRAM__MinGen_100,Q1,Q1__Slip_SCRAM__MinGen_100__rep_304,1,9,9,100.0,1391.0,507.0,9,100,Slip-scramble
Q1__Slip_SCRAM__MinGen_100,Q1,Q1__Slip_SCRAM__MinGen_100__rep_373,1,9,9,100.0,708.0,312.0,9,100,Slip-scramble
Q1__Slip_SCRAM__MinGen_100,Q1,Q1__Slip_SCRAM__MinGen_100__rep_341,1,9,9,100.0,730.0,349.0,9,100,Slip-scramble
Q1__Slip_SCRAM__MinGen_100,Q1,Q1__Slip_SCRAM__MinGen_100__rep_336,1,8,9,88.8888888889,283.0,184.0,8,100,Slip-scramble
Q1__Slip_SCRAM__MinGen_100,Q1,Q1__Slip_SCRAM__MinGen_100__rep_317,1,9,9,100.0,330.0,177.0,9,100,Slip-scramble
Q1__Slip_SCRAM__MinGen_100,Q1,Q1__Slip_SCRAM__MinGen_100__rep_360,1,9,9,100.0,306.0,165.0,9,100,Slip-scramble
Q1__Slip_SCRAM__MinGen_100,Q1,Q1__Slip_SCRAM__MinGen_100__rep_384,1,9,9,100.0,414.0,246.0,9,100,Slip-scramble
Q1__Slip_SCRAM__MinGen_100,Q1,Q1__Slip_SCRAM__MinGen_100__rep_352,1,9,9,100.0,417.0,218.0,9,100,Slip-scramble
Q1__Slip_SCRAM__MinGen_100,Q1,Q1__Slip_SCRAM__MinGen_100__rep_325,1,9,9,100.0,519.0,272.0,9,100,Slip-scramble
Q1__Slip_SCRAM__MinGen_100,Q1,Q1__Slip_SCRAM__MinGen_100__rep_358,1,9,9,100.0,383.0,191.0,9,100,Slip-scramble
Q1__Slip_SCRAM__MinGen_100,Q1,Q1__Slip_SCRAM__MinGen_100__rep_322,1,9,9,100.0,1468.0,609.0,9,100,Slip-scramble
Q1__Slip_SCRAM__MinGen_100,Q1,Q1__Slip_SCRAM__MinGen_100__rep_355,1,7,9,77.7777777778,276.0,178.0,7,100,Slip-scramble
Q1__Slip_SCRAM__MinGen_100,Q1,Q1__Slip_SCRAM__MinGen_100__rep_328,1,9,9,100.0,608.0,279.0,9,100,Slip-scramble
Q1__Slip_SCRAM__MinGen_100,Q1,Q1__Slip_SCRAM__MinGen_100__rep_367,1,7,9,77.7777777778,262.0,146.0,7,100,Slip-scramble
Q1__Slip_SCRAM__MinGen_100,Q1,Q1__Slip_SCRAM__MinGen_100__rep_310,1,7,9,77.7777777778,414.0,205.0,7,100,Slip-scramble
Q1__Slip_SCRAM__MinGen_100,Q1,Q1__Slip_SCRAM__MinGen_100__rep_389,1,9,9,100.0,382.0,190.0,9,100,Slip-scramble
Q1__Slip_SCRAM__MinGen_100,Q1,Q1__Slip_SCRAM__MinGen_100__rep_383,1,9,9,100.0,287.0,177.0,9,100,Slip-scramble
Q1__Slip_SCRAM__MinGen_100,Q1,Q1__Slip_SCRAM__MinGen_100__rep_331,1,9,9,100.0,479.0,235.0,9,100,Slip-scramble
Q1__Slip_SCRAM__MinGen_100,Q1,Q1__Slip_SCRAM__MinGen_100__rep_346,1,9,9,100.0,1182.0,565.0,9,100,Slip-scramble
Q1__Slip_SCRAM__MinGen_100,Q1,Q1__Slip_SCRAM__MinGen_100__rep_390,1,9,9,100.0,1009.0,372.0,9,100,Slip-scramble
Q1__Slip_SCRAM__MinGen_100,Q1,Q1__Slip_SCRAM__MinGen_100__rep_309,1,9,9,100.0,562.0,254.0,9,100,Slip-scramble
Q1__Slip_SCRAM__MinGen_100,Q1,Q1__Slip_SCRAM__MinGen_100__rep_374,1,9,9,100.0,480.0,252.0,9,100,Slip-scramble
Q1__Slip_SCRAM__MinGen_100,Q1,Q1__Slip_SCRAM__MinGen_100__rep_303,1,9,9,100.0,352.0,202.0,9,100,Slip-scramble
Q1__Slip_SCRAM__MinGen_100,Q1,Q1__Slip_SCRAM__MinGen_100__rep_370,1,9,9,100.0,459.0,249.0,9,100,Slip-scramble
Q1__Slip_SCRAM__MinGen_100,Q1,Q1__Slip_SCRAM__MinGen_100__rep_307,1,9,9,100.0,560.0,284.0,9,100,Slip-scramble
Q1__Slip_SCRAM__MinGen_100,Q1,Q1__Slip_SCRAM__MinGen_100__rep_394,1,9,9,100.0,973.0,404.0,9,100,Slip-scramble
Q1__Slip_SCRAM__MinGen_100,Q1,Q1__Slip_SCRAM__MinGen_100__rep_335,1,9,9,100.0,460.0,219.0,9,100,Slip-scramble
Q1__Slip_SCRAM__MinGen_100,Q1,Q1__Slip_SCRAM__MinGen_100__rep_342,1,9,9,100.0,545.0,256.0,9,100,Slip-scramble
Q1__Slip_SCRAM__MinGen_100,Q1,Q1__Slip_SCRAM__MinGen_100__rep_348,1,7,9,77.7777777778,293.0,184.0,7,100,Slip-scramble
Q1__Slip_SCRAM__MinGen_100,Q1,Q1__Slip_SCRAM__MinGen_100__rep_387,1,9,9,100.0,286.0,178.0,9,100,Slip-scramble
Q1__Slip_SCRAM__MinGen_100,Q1,Q1__Slip_SCRAM__MinGen_100__rep_369,1,9,9,100.0,473.0,234.0,9,100,Slip-scramble
Q1__Slip_SCRAM__MinGen_100,Q1,Q1__Slip_SCRAM__MinGen_100__rep_363,1,7,9,77.7777777778,198.0,100.0,7,100,Slip-scramble
Q1__Slip_SCRAM__MinGen_100,Q1,Q1__Slip_SCRAM__MinGen_100__rep_314,1,9,9,100.0,354.0,182.0,9,100,Slip-scramble
Q1__Slip_SCRAM__MinGen_100,Q1,Q1__Slip_SCRAM__MinGen_100__rep_326,1,7,9,77.7777777778,352.0,187.0,7,100,Slip-scramble
Q1__Slip_SCRAM__MinGen_100,Q1,Q1__Slip_SCRAM__MinGen_100__rep_351,1,9,9,100.0,1222.0,512.0,9,100,Slip-scramble
Q1__Slip_SCRAM__MinGen_100,Q1,Q1__Slip_SCRAM__MinGen_100__rep_356,1,9,9,100.0,613.0,299.0,9,100,Slip-scramble
Q1__Slip_SCRAM__MinGen_100,Q1,Q1__Slip_SCRAM__MinGen_100__rep_321,1,9,9,100.0,743.0,333.0,9,100,Slip-scramble
Q1__Slip_SCRAM__MinGen_100,Q1,Q1__Slip_SCRAM__MinGen_100__rep_319,1,9,9,100.0,506.0,247.0,9,100,Slip-scramble
Q1__Slip_SCRAM__MinGen_100,Q1,Q1__Slip_SCRAM__MinGen_100__rep_380,1,9,9,100.0,393.0,192.0,9,100,Slip-scramble
Q1__Slip_SCRAM__MinGen_100,Q1,Q1__Slip_SCRAM__MinGen_100__rep_313,1,9,9,100.0,727.0,358.0,9,100,Slip-scramble
Q1__Slip_SCRAM__MinGen_100,Q1,Q1__Slip_SCRAM__MinGen_100__rep_364,1,9,9,100.0,1375.0,609.0,9,100,Slip-scramble
Q1__Slip_SCRAM__MinGen_100,Q1,Q1__Slip_SCRAM__MinGen_100__rep_345,1,9,9,100.0,624.0,296.0,9,100,Slip-scramble
Q1__Slip_SCRAM__MinGen_100,Q1,Q1__Slip_SCRAM__MinGen_100__rep_332,1,9,9,100.0,476.0,272.0,9,100,Slip-scramble
Q1__Slip_SCRAM__MinGen_100,Q1,Q1__Slip_SCRAM__MinGen_100__rep_338,1,9,9,100.0,309.0,164.0,9,100,Slip-scramble
Q1__Slip_SCRAM__MinGen_100,Q1,Q1__Slip_SCRAM__MinGen_100__rep_399,1,7,9,77.7777777778,304.0,194.0,7,100,Slip-scramble
Q1__Slip_SCRAM__MinGen_100,Q1,Q1__Slip_SCRAM__MinGen_100__rep_377,1,8,9,88.8888888889,157.0,108.0,8,100,Slip-scramble
Q1__Slip_SCRAM__MinGen_100,Q1,Q1__Slip_SCRAM__MinGen_100__rep_393,1,9,9,100.0,835.0,377.0,9,100,Slip-scramble
Q3__Slip_DUP__MinGen_100,Q3,Q3__Slip_DUP__MinGen_100__rep_346,512,2560,4608,55.5555555556,964.0,464.0,2560,100,Slip-duplicate
Q3__Slip_DUP__MinGen_100,Q3,Q3__Slip_DUP__MinGen_100__rep_331,512,3072,4608,66.6666666667,2243.5,912.0,3072,100,Slip-duplicate
Q3__Slip_DUP__MinGen_100,Q3,Q3__Slip_DUP__MinGen_100__rep_390,512,2560,4608,55.5555555556,2021.5,950.0,3072,100,Slip-duplicate
Q3__Slip_DUP__MinGen_100,Q3,Q3__Slip_DUP__MinGen_100__rep_309,512,2560,4608,55.5555555556,757.5,409.0,2560,100,Slip-duplicate
Q3__Slip_DUP__MinGen_100,Q3,Q3__Slip_DUP__MinGen_100__rep_303,512,2560,4608,55.5555555556,274.0,127.0,2560,100,Slip-duplicate
Q3__Slip_DUP__MinGen_100,Q3,Q3__Slip_DUP__MinGen_100__rep_374,512,3584,4608,77.7777777778,1227.0,553.0,3584,100,Slip-duplicate
Q3__Slip_DUP__MinGen_100,Q3,Q3__Slip_DUP__MinGen_100__rep_355,512,2048,4608,44.4444444444,1842.5,764.0,3072,100,Slip-duplicate
Q3__Slip_DUP__MinGen_100,Q3,Q3__Slip_DUP__MinGen_100__rep_322,512,2560,4608,55.5555555556,2093.0,896.0,2560,100,Slip-duplicate
Q3__Slip_DUP__MinGen_100,Q3,Q3__Slip_DUP__MinGen_100__rep_328,512,3584,4608,77.7777777778,1047.0,461.0,3584,100,Slip-duplicate
Q3__Slip_DUP__MinGen_100,Q3,Q3__Slip_DUP__MinGen_100__rep_310,512,3072,4608,66.6666666667,1911.5,800.0,3584,100,Slip-duplicate
Q3__Slip_DUP__MinGen_100,Q3,Q3__Slip_DUP__MinGen_100__rep_367,512,2560,4608,55.5555555556,773.0,372.0,2560,100,Slip-duplicate
Q3__Slip_DUP__MinGen_100,Q3,Q3__Slip_DUP__MinGen_100__rep_389,512,2048,4608,44.4444444444,1708.5,766.0,2048,100,Slip-duplicate
Q3__Slip_DUP__MinGen_100,Q3,Q3__Slip_DUP__MinGen_100__rep_383,512,2816,4608,61.1111111111,2285.0,986.0,2816,100,Slip-duplicate
Q3__Slip_DUP__MinGen_100,Q3,Q3__Slip_DUP__MinGen_100__rep_360,512,3072,4608,66.6666666667,996.75,444.0,3072,100,Slip-duplicate
Q3__Slip_DUP__MinGen_100,Q3,Q3__Slip_DUP__MinGen_100__rep_317,512,2304,4608,50.0,1195.0,526.0,2816,100,Slip-duplicate
Q3__Slip_DUP__MinGen_100,Q3,Q3__Slip_DUP__MinGen_100__rep_384,512,2560,4608,55.5555555556,1472.5,647.0,2560,100,Slip-duplicate
Q3__Slip_DUP__MinGen_100,Q3,Q3__Slip_DUP__MinGen_100__rep_325,512,3072,4608,66.6666666667,1444.0,562.0,3072,100,Slip-duplicate
Q3__Slip_DUP__MinGen_100,Q3,Q3__Slip_DUP__MinGen_100__rep_352,512,3072,4608,66.6666666667,860.5,379.0,3072,100,Slip-duplicate
Q3__Slip_DUP__MinGen_100,Q3,Q3__Slip_DUP__MinGen_100__rep_358,512,2560,4608,55.5555555556,877.5,370.0,3072,100,Slip-duplicate
Q3__Slip_DUP__MinGen_100,Q3,Q3__Slip_DUP__MinGen_100__rep_379,512,1536,4608,33.3333333333,1511.0,676.0,1536,100,Slip-duplicate
Q3__Slip_DUP__MinGen_100,Q3,Q3__Slip_DUP__MinGen_100__rep_397,512,3072,4608,66.6666666667,1725.5,730.0,3072,100,Slip-duplicate
Q3__Slip_DUP__MinGen_100,Q3,Q3__Slip_DUP__MinGen_100__rep_373,512,2560,4608,55.5555555556,809.5,341.0,2560,100,Slip-duplicate
Q3__Slip_DUP__MinGen_100,Q3,Q3__Slip_DUP__MinGen_100__rep_304,512,2560,4608,55.5555555556,993.5,454.0,3072,100,Slip-duplicate
Q3__Slip_DUP__MinGen_100,Q3,Q3__Slip_DUP__MinGen_100__rep_336,512,1536,4608,33.3333333333,1503.5,660.0,1536,100,Slip-duplicate
Q3__Slip_DUP__MinGen_100,Q3,Q3__Slip_DUP__MinGen_100__rep_341,512,3072,4608,66.6666666667,1715.5,812.0,3584,100,Slip-duplicate
Q3__Slip_DUP__MinGen_100,Q3,Q3__Slip_DUP__MinGen_100__rep_332,512,2560,4608,55.5555555556,949.5,377.0,2560,100,Slip-duplicate
Q3__Slip_DUP__MinGen_100,Q3,Q3__Slip_DUP__MinGen_100__rep_345,512,2560,4608,55.5555555556,805.0,350.0,2560,100,Slip-duplicate
Q3__Slip_DUP__MinGen_100,Q3,Q3__Slip_DUP__MinGen_100__rep_338,512,2304,4608,50.0,417.0,243.0,2304,100,Slip-duplicate
Q3__Slip_DUP__MinGen_100,Q3,Q3__Slip_DUP__MinGen_100__rep_399,512,3072,4608,66.6666666667,2384.5,958.0,3072,100,Slip-duplicate
Q3__Slip_DUP__MinGen_100,Q3,Q3__Slip_DUP__MinGen_100__rep_377,512,2560,4608,55.5555555556,159.0,100.0,2560,100,Slip-duplicate
Q3__Slip_DUP__MinGen_100,Q3,Q3__Slip_DUP__MinGen_100__rep_393,512,2560,4608,55.5555555556,2295.5,930.0,2816,100,Slip-duplicate
Q3__Slip_DUP__MinGen_100,Q3,Q3__Slip_DUP__MinGen_100__rep_321,512,3072,4608,66.6666666667,570.5,289.0,3072,100,Slip-duplicate
Q3__Slip_DUP__MinGen_100,Q3,Q3__Slip_DUP__MinGen_100__rep_356,512,1664,4608,36.1111111111,1835.5,830.0,3072,100,Slip-duplicate
Q3__Slip_DUP__MinGen_100,Q3,Q3__Slip_DUP__MinGen_100__rep_319,512,2560,4608,55.5555555556,2263.0,951.0,2560,100,Slip-duplicate
Q3__Slip_DUP__MinGen_100,Q3,Q3__Slip_DUP__MinGen_100__rep_380,512,2048,4608,44.4444444444,179.0,118.0,2048,100,Slip-duplicate
Q3__Slip_DUP__MinGen_100,Q3,Q3__Slip_DUP__MinGen_100__rep_364,512,2816,4608,61.1111111111,2368.25,997.0,2816,100,Slip-duplicate
Q3__Slip_DUP__MinGen_100,Q3,Q3__Slip_DUP__MinGen_100__rep_313,512,2560,4608,55.5555555556,599.5,259.0,2560,100,Slip-duplicate
Q3__Slip_DUP__MinGen_100,Q3,Q3__Slip_DUP__MinGen_100__rep_387,512,3072,4608,66.6666666667,1946.0,864.0,3072,100,Slip-duplicate
Q3__Slip_DUP__MinGen_100,Q3,Q3__Slip_DUP__MinGen_100__rep_369,512,3072,4608,66.6666666667,1283.25,583.0,3072,100,Slip-duplicate
Q3__Slip_DUP__MinGen_100,Q3,Q3__Slip_DUP__MinGen_100__rep_314,512,2816,4608,61.1111111111,1579.25,666.0,3584,100,Slip-duplicate
Q3__Slip_DUP__MinGen_100,Q3,Q3__Slip_DUP__MinGen_100__rep_363,512,2816,4608,61.1111111111,1712.0,778.0,3328,100,Slip-duplicate
Q3__Slip_DUP__MinGen_100,Q3,Q3__Slip_DUP__MinGen_100__rep_351,512,2048,4608,44.4444444444,1127.5,519.0,2048,100,Slip-duplicate
Q3__Slip_DUP__MinGen_100,Q3,Q3__Slip_DUP__MinGen_100__rep_326,512,3584,4608,77.7777777778,992.5,482.0,3584,100,Slip-duplicate
Q3__Slip_DUP__MinGen_100,Q3,Q3__Slip_DUP__MinGen_100__rep_307,512,1920,4608,41.6666666667,412.0,228.0,2048,100,Slip-duplicate
Q3__Slip_DUP__MinGen_100,Q3,Q3__Slip_DUP__MinGen_100__rep_370,512,2560,4608,55.5555555556,1888.0,800.0,2560,100,Slip-duplicate
Q3__Slip_DUP__MinGen_100,Q3,Q3__Slip_DUP__MinGen_100__rep_394,512,2048,4608,44.4444444444,1247.0,561.0,2560,100,Slip-duplicate
Q3__Slip_DUP__MinGen_100,Q3,Q3__Slip_DUP__MinGen_100__rep_342,512,3584,4608,77.7777777778,1653.5,637.0,3584,100,Slip-duplicate
Q3__Slip_DUP__MinGen_100,Q3,Q3__Slip_DUP__MinGen_100__rep_335,512,2048,4608,44.4444444444,1799.0,777.0,2048,100,Slip-duplicate
Q3__Slip_DUP__MinGen_100,Q3,Q3__Slip_DUP__MinGen_100__rep_348,512,2048,4608,44.4444444444,1375.5,560.0,2048,100,Slip-duplicate
Q3__Slip_DUP__MinGen_100,Q3,Q3__Slip_DUP__MinGen_100__rep_305,512,2048,4608,44.4444444444,1179.0,504.0,2560,100,Slip-duplicate
Q3__Slip_DUP__MinGen_100,Q3,Q3__Slip_DUP__MinGen_100__rep_372,512,2560,4608,55.5555555556,1443.5,687.0,2560,100,Slip-duplicate
Q3__Slip_DUP__MinGen_100,Q3,Q3__Slip_DUP__MinGen_100__rep_378,512,3072,4608,66.6666666667,2178.25,868.0,3072,100,Slip-duplicate
Q3__Slip_DUP__MinGen_100,Q3,Q3__Slip_DUP__MinGen_100__rep_396,512,2560,4608,55.5555555556,2607.75,910.0,2560,100,Slip-duplicate
Q3__Slip_DUP__MinGen_100,Q3,Q3__Slip_DUP__MinGen_100__rep_340,512,2560,4608,55.5555555556,1744.5,760.0,2560,100,Slip-duplicate
Q3__Slip_DUP__MinGen_100,Q3,Q3__Slip_DUP__MinGen_100__rep_337,512,2560,4608,55.5555555556,730.5,355.0,3072,100,Slip-duplicate
Q3__Slip_DUP__MinGen_100,Q3,Q3__Slip_DUP__MinGen_100__rep_385,512,3072,4608,66.6666666667,2101.5,900.0,3072,100,Slip-duplicate
Q3__Slip_DUP__MinGen_100,Q3,Q3__Slip_DUP__MinGen_100__rep_316,512,3584,4608,77.7777777778,411.5,206.0,3584,100,Slip-duplicate
Q3__Slip_DUP__MinGen_100,Q3,Q3__Slip_DUP__MinGen_100__rep_361,512,2560,4608,55.5555555556,675.5,326.0,2560,100,Slip-duplicate
Q3__Slip_DUP__MinGen_100,Q3,Q3__Slip_DUP__MinGen_100__rep_359,512,2816,4608,61.1111111111,1052.0,480.0,2816,100,Slip-duplicate
Q3__Slip_DUP__MinGen_100,Q3,Q3__Slip_DUP__MinGen_100__rep_353,512,2560,4608,55.5555555556,1232.5,520.0,2560,100,Slip-duplicate
Q3__Slip_DUP__MinGen_100,Q3,Q3__Slip_DUP__MinGen_100__rep_324,512,1536,4608,33.3333333333,1392.5,595.0,2048,100,Slip-duplicate
Q3__Slip_DUP__MinGen_100,Q3,Q3__Slip_DUP__MinGen_100__rep_329,512,3200,4608,69.4444444444,1735.0,734.0,3200,100,Slip-duplicate
Q3__Slip_DUP__MinGen_100,Q3,Q3__Slip_DUP__MinGen_100__rep_323,512,2048,4608,44.4444444444,1338.25,567.0,2048,100,Slip-duplicate
Q3__Slip_DUP__MinGen_100,Q3,Q3__Slip_DUP__MinGen_100__rep_354,512,2048,4608,44.4444444444,746.25,348.0,2048,100,Slip-duplicate
Q3__Slip_DUP__MinGen_100,Q3,Q3__Slip_DUP__MinGen_100__rep_382,512,3584,4608,77.7777777778,1088.0,460.0,3584,100,Slip-duplicate
Q3__Slip_DUP__MinGen_100,Q3,Q3__Slip_DUP__MinGen_100__rep_366,512,2560,4608,55.5555555556,898.5,417.0,3072,100,Slip-duplicate
Q3__Slip_DUP__MinGen_100,Q3,Q3__Slip_DUP__MinGen_100__rep_311,512,3584,4608,77.7777777778,315.5,198.0,3584,100,Slip-duplicate
Q3__Slip_DUP__MinGen_100,Q3,Q3__Slip_DUP__MinGen_100__rep_388,512,3072,4608,66.6666666667,768.5,382.0,3072,100,Slip-duplicate
Q3__Slip_DUP__MinGen_100,Q3,Q3__Slip_DUP__MinGen_100__rep_330,512,3072,4608,66.6666666667,514.0,287.0,3072,100,Slip-duplicate
Q3__Slip_DUP__MinGen_100,Q3,Q3__Slip_DUP__MinGen_100__rep_347,512,2560,4608,55.5555555556,1977.75,947.0,2560,100,Slip-duplicate
Q3__Slip_DUP__MinGen_100,Q3,Q3__Slip_DUP__MinGen_100__rep_375,512,3328,4608,72.2222222222,1391.5,616.0,3584,100,Slip-duplicate
Q3__Slip_DUP__MinGen_100,Q3,Q3__Slip_DUP__MinGen_100__rep_302,512,3072,4608,66.6666666667,1678.0,683.0,3072,100,Slip-duplicate
Q3__Slip_DUP__MinGen_100,Q3,Q3__Slip_DUP__MinGen_100__rep_391,512,3584,4608,77.7777777778,755.0,377.0,3584,100,Slip-duplicate
Q3__Slip_DUP__MinGen_100,Q3,Q3__Slip_DUP__MinGen_100__rep_308,512,3584,4608,77.7777777778,2101.25,872.0,3584,100,Slip-duplicate
Q3__Slip_DUP__MinGen_100,Q3,Q3__Slip_DUP__MinGen_100__rep_395,512,1792,4608,38.8888888889,2148.5,976.0,2048,100,Slip-duplicate
Q3__Slip_DUP__MinGen_100,Q3,Q3__Slip_DUP__MinGen_100__rep_371,512,2560,4608,55.5555555556,1531.5,685.0,2560,100,Slip-duplicate
Q3__Slip_DUP__MinGen_100,Q3,Q3__Slip_DUP__MinGen_100__rep_306,512,2560,4608,55.5555555556,2443.0,988.0,2560,100,Slip-duplicate
Q3__Slip_DUP__MinGen_100,Q3,Q3__Slip_DUP__MinGen_100__rep_349,512,3584,4608,77.7777777778,1194.5,556.0,3584,100,Slip-duplicate
Q3__Slip_DUP__MinGen_100,Q3,Q3__Slip_DUP__MinGen_100__rep_334,512,3072,4608,66.6666666667,1000.0,496.0,3072,100,Slip-duplicate
Q3__Slip_DUP__MinGen_100,Q3,Q3__Slip_DUP__MinGen_100__rep_343,512,1280,4608,27.7777777778,1190.75,514.0,1280,100,Slip-duplicate
Q3__Slip_DUP__MinGen_100,Q3,Q3__Slip_DUP__MinGen_100__rep_362,512,2560,4608,55.5555555556,1673.5,764.0,2560,100,Slip-duplicate
Q3__Slip_DUP__MinGen_100,Q3,Q3__Slip_DUP__MinGen_100__rep_315,512,2560,4608,55.5555555556,578.0,278.0,2560,100,Slip-duplicate
Q3__Slip_DUP__MinGen_100,Q3,Q3__Slip_DUP__MinGen_100__rep_386,512,2560,4608,55.5555555556,1795.5,791.0,3584,100,Slip-duplicate
Q3__Slip_DUP__MinGen_100,Q3,Q3__Slip_DUP__MinGen_100__rep_368,512,3584,4608,77.7777777778,1087.5,480.0,3584,100,Slip-duplicate
Q3__Slip_DUP__MinGen_100,Q3,Q3__Slip_DUP__MinGen_100__rep_327,512,1024,4608,22.2222222222,1620.5,526.0,1024,100,Slip-duplicate
Q3__Slip_DUP__MinGen_100,Q3,Q3__Slip_DUP__MinGen_100__rep_350,512,2560,4608,55.5555555556,158.0,100.0,2560,100,Slip-duplicate
Q3__Slip_DUP__MinGen_100,Q3,Q3__Slip_DUP__MinGen_100__rep_357,512,2048,4608,44.4444444444,2241.75,903.0,2560,100,Slip-duplicate
Q3__Slip_DUP__MinGen_100,Q3,Q3__Slip_DUP__MinGen_100__rep_320,512,3072,4608,66.6666666667,1435.0,642.0,3072,100,Slip-duplicate
Q3__Slip_DUP__MinGen_100,Q3,Q3__Slip_DUP__MinGen_100__rep_312,512,1536,4608,33.3333333333,563.5,285.0,1792,100,Slip-duplicate
Q3__Slip_DUP__MinGen_100,Q3,Q3__Slip_DUP__MinGen_100__rep_365,512,3584,4608,77.7777777778,681.0,302.0,3584,100,Slip-duplicate
Q3__Slip_DUP__MinGen_100,Q3,Q3__Slip_DUP__MinGen_100__rep_318,512,1408,4608,30.5555555556,806.0,681.0,1408,100,Slip-duplicate
Q3__Slip_DUP__MinGen_100,Q3,Q3__Slip_DUP__MinGen_100__rep_381,512,2048,4608,44.4444444444,970.0,447.0,2048,100,Slip-duplicate
Q3__Slip_DUP__MinGen_100,Q3,Q3__Slip_DUP__MinGen_100__rep_339,512,3584,4608,77.7777777778,1189.5,484.0,3584,100,Slip-duplicate
Q3__Slip_DUP__MinGen_100,Q3,Q3__Slip_DUP__MinGen_100__rep_344,512,2560,4608,55.5555555556,560.0,271.0,2560,100,Slip-duplicate
Q3__Slip_DUP__MinGen_100,Q3,Q3__Slip_DUP__MinGen_100__rep_333,512,2048,4608,44.4444444444,1199.5,589.0,2560,100,Slip-duplicate
Q3__Slip_DUP__MinGen_100,Q3,Q3__Slip_DUP__MinGen_100__rep_400,512,2560,4608,55.5555555556,1108.0,473.0,2560,100,Slip-duplicate
Q3__Slip_DUP__MinGen_100,Q3,Q3__Slip_DUP__MinGen_100__rep_392,512,3072,4608,66.6666666667,316.0,174.0,3072,100,Slip-duplicate
Q3__Slip_DUP__MinGen_100,Q3,Q3__Slip_DUP__MinGen_100__rep_398,512,3072,4608,66.6666666667,1322.0,558.0,3072,100,Slip-duplicate
Q3__Slip_DUP__MinGen_100,Q3,Q3__Slip_DUP__MinGen_100__rep_301,512,3072,4608,66.6666666667,1290.875,621.0,3072,100,Slip-duplicate
Q3__Slip_DUP__MinGen_100,Q3,Q3__Slip_DUP__MinGen_100__rep_376,512,3584,4608,77.7777777778,967.5,342.0,3584,100,Slip-duplicate
